{"stats":{"minecraft:killed_by":{"minecraft:witch":1},"minecraft:killed":{"minecraft:witch":2,"minecraft:spider":9,"minecraft:skeleton":22,"minecraft:horse":3,"minecraft:drowned":2,"minecraft:piglin":1,"minecraft:pig":11,"minecraft:zombie_villager":1,"minecraft:salmon":7,"minecraft:iron_golem":1,"minecraft:creeper":2,"minecraft:sheep":14,"minecraft:zombie":27,"minecraft:donkey":1,"minecraft:ghast":1,"minecraft:enderman":3,"minecraft:cow":17},"minecraft:used":{"minecraft:cherry_boat":15,"minecraft:cherry_sapling":1,"minecraft:flint_and_steel":1,"minecraft:shield":43,"minecraft:cooked_salmon":1,"minecraft:stone_hoe":35,"minecraft:rotten_flesh":21,"minecraft:netherrack":15,"minecraft:torch":29,"minecraft:dirt":18,"minecraft:tuff":1,"minecraft:granite":2,"minecraft:iron_hoe":661,"minecraft:lava_bucket":8,"minecraft:iron_axe":32,"minecraft:bamboo":1,"minecraft:diamond_chestplate":2,"minecraft:bow":3,"minecraft:dark_oak_boat":5,"minecraft:furnace":4,"minecraft:cooked_beef":2,"minecraft:cobbled_deepslate":31,"minecraft:iron_leggings":1,"minecraft:golden_boots":1,"minecraft:cooked_mutton":13,"minecraft:water_bucket":3,"minecraft:diorite":2,"minecraft:stone_pickaxe":45,"minecraft:oak_planks":1,"minecraft:birch_boat":2,"minecraft:wooden_pickaxe":20,"minecraft:crafting_table":20,"minecraft:campfire":1,"minecraft:white_bed":8,"minecraft:smoker":6,"minecraft:diamond_pickaxe":303,"minecraft:bread":23,"minecraft:iron_pickaxe":159,"minecraft:gravel":8,"minecraft:stone_axe":271,"minecraft:cobblestone":102,"minecraft:cooked_porkchop":14,"minecraft:bucket":12,"minecraft:yellow_bed":2},"minecraft:picked_up":{"minecraft:crafting_table":15,"minecraft:lead":4,"minecraft:shield":1,"minecraft:string":42,"minecraft:soul_soil":2,"minecraft:flint_and_steel":1,"minecraft:cherry_boat":16,"minecraft:cobbled_deepslate":31,"minecraft:beef":49,"minecraft:jungle_sapling":8,"minecraft:poppy":2,"minecraft:iron_pickaxe":1,"minecraft:sugar_cane":31,"minecraft:melon_slice":3,"minecraft:birch_sapling":6,"minecraft:egg":1,"minecraft:furnace":6,"minecraft:dark_oak_sapling":9,"minecraft:stick":51,"minecraft:raw_iron":132,"minecraft:torch":16,"minecraft:porkchop":43,"minecraft:cherry_log":9,"minecraft:diorite":5,"minecraft:redstone":23,"minecraft:dark_oak_planks":1,"minecraft:rotten_flesh":32,"minecraft:diamond_chestplate":4,"minecraft:arrow":53,"minecraft:hay_block":20,"minecraft:saddle":1,"minecraft:mutton":20,"minecraft:white_wool":33,"minecraft:cobblestone":297,"minecraft:oxeye_daisy":2,"minecraft:birch_log":5,"minecraft:pink_petals":4,"minecraft:cooked_beef":2,"minecraft:cherry_planks":15,"minecraft:salmon":19,"minecraft:andesite":2,"minecraft:leather":30,"minecraft:dark_oak_boat":4,"minecraft:smoker":8,"minecraft:potato":3,"minecraft:birch_planks":10,"minecraft:flint":1,"minecraft:tuff":1,"minecraft:oak_log":9,"minecraft:golden_boots":3,"minecraft:yellow_bed":3,"minecraft:gunpowder":2,"minecraft:dirt":51,"minecraft:cooked_mutton":1,"minecraft:bone":54,"minecraft:bow":4,"minecraft:wheat_seeds":2,"minecraft:iron_ingot":41,"minecraft:stone_pickaxe":2,"minecraft:bamboo":74,"minecraft:soul_sand":5,"minecraft:stone_hoe":2,"minecraft:oak_planks":42,"minecraft:gravel":9,"minecraft:white_bed":7,"minecraft:dark_oak_log":5,"minecraft:spider_eye":11,"minecraft:leather_helmet":1,"minecraft:diamond":25,"minecraft:stone_axe":4,"minecraft:granite":4,"minecraft:cherry_sapling":13,"minecraft:gray_wool":1,"minecraft:bread":22,"minecraft:oak_sapling":1,"minecraft:netherrack":39,"minecraft:black_wool":2,"minecraft:coal":315,"minecraft:diamond_pickaxe":2,"minecraft:ender_pearl":10},"minecraft:dropped":{"minecraft:stone_hoe":2,"minecraft:golden_boots":2,"minecraft:bread":30,"minecraft:soul_sand":5,"minecraft:birch_planks":10,"minecraft:wheat_seeds":2,"minecraft:cooked_beef":6,"minecraft:ender_pearl":1,"minecraft:iron_helmet":1,"minecraft:cobblestone":19,"minecraft:saddle":1,"minecraft:leather_helmet":1,"minecraft:stick":18,"minecraft:oxeye_daisy":2,"minecraft:dirt":13,"minecraft:gray_wool":1,"minecraft:diorite":3,"minecraft:cherry_planks":1,"minecraft:iron_leggings":1,"minecraft:iron_pickaxe":1,"minecraft:dark_oak_planks":2,"minecraft:pink_petals":4,"minecraft:bone":10,"minecraft:gravel":1,"minecraft:stone_axe":3,"minecraft:soul_soil":2,"minecraft:birch_sapling":6,"minecraft:rotten_flesh":6,"minecraft:iron_boots":1,"minecraft:iron_hoe":1,"minecraft:cooked_mutton":3,"minecraft:poppy":2,"minecraft:shield":1,"minecraft:gunpowder":1,"minecraft:diamond_chestplate":3,"minecraft:diamond_pickaxe":1,"minecraft:andesite":2,"minecraft:oak_sapling":1,"minecraft:spider_eye":6,"minecraft:wooden_pickaxe":1,"minecraft:stone_pickaxe":4,"minecraft:netherrack":1,"minecraft:black_wool":1,"minecraft:egg":1},"minecraft:broken":{"minecraft:stone_axe":3,"minecraft:iron_hoe":1},"minecraft:mined":{"minecraft:tuff":1,"minecraft:white_bed":6,"minecraft:dark_oak_leaves":253,"minecraft:deepslate_diamond_ore":23,"minecraft:cherry_log":8,"minecraft:cherry_sapling":1,"minecraft:jungle_leaves":420,"minecraft:dark_oak_log":5,"minecraft:granite":2,"minecraft:grass_block":7,"minecraft:soul_soil":1,"minecraft:spruce_leaves":2,"minecraft:oxeye_daisy":2,"minecraft:hay_block":20,"minecraft:furnace":4,"minecraft:cobbled_deepslate":1,"minecraft:iron_ore":43,"minecraft:fire":1,"minecraft:andesite":1,"minecraft:gold_block":1,"minecraft:deepslate_iron_ore":16,"minecraft:vine":1,"minecraft:bamboo":5,"minecraft:stone":143,"minecraft:soul_sand":7,"minecraft:smoker":6,"minecraft:crafting_table":14,"minecraft:short_grass":36,"minecraft:melon":1,"minecraft:cobblestone":24,"minecraft:tall_grass":2,"minecraft:sugar_cane":13,"minecraft:diorite":9,"minecraft:birch_log":5,"minecraft:birch_leaves":1,"minecraft:yellow_bed":3,"minecraft:coal_ore":82,"minecraft:oak_log":9,"minecraft:gravel":10,"minecraft:dirt":14,"minecraft:netherrack":123,"minecraft:oak_leaves":15,"minecraft:fern":8,"minecraft:deepslate":24},"minecraft:custom":{"minecraft:mob_kills":128,"minecraft:interact_with_crafting_table":46,"minecraft:bell_ring":25,"minecraft:leave_game":3,"minecraft:time_since_death":122981,"minecraft:climb_one_cm":2823,"minecraft:sprint_one_cm":255630,"minecraft:walk_one_cm":427541,"minecraft:damage_blocked_by_shield":2715,"minecraft:drop":62,"minecraft:play_time":219054,"minecraft:deaths":2,"minecraft:sneak_time":12465,"minecraft:walk_under_water_one_cm":17551,"minecraft:boat_one_cm":2534019,"minecraft:jump":3319,"minecraft:walk_on_water_one_cm":11625,"minecraft:total_world_time":219054,"minecraft:interact_with_furnace":25,"minecraft:sleep_in_bed":8,"minecraft:time_since_rest":4124,"minecraft:damage_taken":4049,"minecraft:damage_dealt":21559,"minecraft:swim_one_cm":20048,"minecraft:fly_one_cm":606415,"minecraft:open_chest":1,"minecraft:crouch_one_cm":47594,"minecraft:interact_with_smoker":32,"minecraft:fall_one_cm":90406},"minecraft:crafted":{"minecraft:cherry_planks":20,"minecraft:oak_planks":24,"minecraft:dark_oak_boat":1,"minecraft:birch_boat":2,"minecraft:furnace":3,"minecraft:cherry_boat":1,"minecraft:cooked_mutton":15,"minecraft:flint_and_steel":1,"minecraft:iron_boots":2,"minecraft:iron_axe":1,"minecraft:iron_hoe":3,"minecraft:stone_pickaxe":2,"minecraft:dark_oak_planks":20,"minecraft:stone_hoe":1,"minecraft:smoker":1,"minecraft:wheat":180,"minecraft:cooked_beef":6,"minecraft:cooked_porkchop":14,"minecraft:crafting_table":6,"minecraft:wooden_pickaxe":1,"minecraft:iron_helmet":2,"minecraft:cooked_salmon":1,"minecraft:birch_planks":20,"minecraft:bucket":1,"minecraft:campfire":1,"minecraft:stone_axe":4,"minecraft:bread":60,"minecraft:air":0,"minecraft:diamond_pickaxe":2,"minecraft:shield":3,"minecraft:stick":31,"minecraft:iron_ingot":25,"minecraft:iron_pickaxe":1,"minecraft:iron_leggings":2,"minecraft:white_bed":2,"minecraft:torch":52,"minecraft:diamond_chestplate":2}},"DataVersion":3953}