{"stats":{"minecraft:broken":{"minecraft:stone_axe":1},"minecraft:used":{"minecraft:cherry_boat":8,"minecraft:cooked_mutton":13,"minecraft:stone_pickaxe":45,"minecraft:oak_planks":1,"minecraft:shield":40,"minecraft:wooden_pickaxe":20,"minecraft:cooked_salmon":1,"minecraft:rotten_flesh":19,"minecraft:torch":21,"minecraft:crafting_table":10,"minecraft:campfire":1,"minecraft:tuff":1,"minecraft:granite":2,"minecraft:smoker":5,"minecraft:diamond_pickaxe":83,"minecraft:iron_pickaxe":159,"minecraft:stone_axe":191,"minecraft:diamond_chestplate":2,"minecraft:cobblestone":24,"minecraft:furnace":2,"minecraft:cooked_porkchop":11,"minecraft:cooked_beef":2,"minecraft:cobbled_deepslate":31},"minecraft:dropped":{"minecraft:gravel":1,"minecraft:stone_axe":3,"minecraft:cooked_beef":6,"minecraft:ender_pearl":1,"minecraft:cobblestone":19,"minecraft:rotten_flesh":2,"minecraft:cooked_mutton":3,"minecraft:stick":18,"minecraft:oxeye_daisy":2,"minecraft:gray_wool":1,"minecraft:shield":1,"minecraft:diorite":3,"minecraft:diamond_chestplate":3,"minecraft:diamond_pickaxe":1,"minecraft:andesite":1,"minecraft:wooden_pickaxe":1,"minecraft:stone_pickaxe":4,"minecraft:pink_petals":4},"minecraft:picked_up":{"minecraft:pink_petals":4,"minecraft:crafting_table":9,"minecraft:cooked_beef":2,"minecraft:cherry_planks":15,"minecraft:salmon":13,"minecraft:andesite":1,"minecraft:leather":8,"minecraft:smoker":6,"minecraft:potato":2,"minecraft:tuff":1,"minecraft:oak_log":9,"minecraft:shield":1,"minecraft:gunpowder":2,"minecraft:dirt":26,"minecraft:string":28,"minecraft:cooked_mutton":1,"minecraft:bone":30,"minecraft:cherry_boat":9,"minecraft:bow":3,"minecraft:cobbled_deepslate":31,"minecraft:stone_pickaxe":2,"minecraft:beef":15,"minecraft:iron_ingot":5,"minecraft:iron_pickaxe":1,"minecraft:oak_planks":42,"minecraft:furnace":3,"minecraft:stick":40,"minecraft:raw_iron":45,"minecraft:torch":9,"minecraft:gravel":1,"minecraft:porkchop":17,"minecraft:cherry_log":9,"minecraft:diorite":3,"minecraft:redstone":14,"minecraft:spider_eye":11,"minecraft:diamond_chestplate":3,"minecraft:arrow":31,"minecraft:rotten_flesh":27,"minecraft:diamond":24,"minecraft:stone_axe":3,"minecraft:granite":4,"minecraft:cherry_sapling":8,"minecraft:gray_wool":1,"minecraft:diamond_pickaxe":1,"minecraft:black_wool":2,"minecraft:mutton":14,"minecraft:coal":113,"minecraft:cobblestone":240,"minecraft:white_wool":18,"minecraft:oxeye_daisy":2,"minecraft:ender_pearl":7},"minecraft:killed_by":{"minecraft:witch":1},"minecraft:killed":{"minecraft:pig":6,"minecraft:witch":2,"minecraft:zombie_villager":1,"minecraft:salmon":7,"minecraft:spider":8,"minecraft:creeper":2,"minecraft:sheep":11,"minecraft:skeleton":17,"minecraft:zombie":22,"minecraft:enderman":3,"minecraft:cow":7},"minecraft:mined":{"minecraft:tuff":1,"minecraft:deepslate_diamond_ore":23,"minecraft:smoker":5,"minecraft:cherry_log":8,"minecraft:crafting_table":8,"minecraft:granite":2,"minecraft:short_grass":14,"minecraft:grass_block":4,"minecraft:tall_grass":1,"minecraft:cobblestone":9,"minecraft:oxeye_daisy":2,"minecraft:diorite":7,"minecraft:furnace":2,"minecraft:iron_ore":9,"minecraft:cobbled_deepslate":1,"minecraft:coal_ore":62,"minecraft:oak_log":9,"minecraft:deepslate_iron_ore":16,"minecraft:gravel":1,"minecraft:dirt":8,"minecraft:stone":132,"minecraft:oak_leaves":5,"minecraft:deepslate":24},"minecraft:crafted":{"minecraft:cooked_beef":6,"minecraft:cherry_planks":20,"minecraft:oak_planks":24,"minecraft:cooked_porkchop":11,"minecraft:crafting_table":3,"minecraft:wooden_pickaxe":1,"minecraft:furnace":2,"minecraft:cooked_salmon":1,"minecraft:cherry_boat":1,"minecraft:campfire":1,"minecraft:stone_axe":3,"minecraft:cooked_mutton":15,"minecraft:air":0,"minecraft:diamond_pickaxe":2,"minecraft:shield":2,"minecraft:stick":24,"minecraft:iron_ingot":4,"minecraft:iron_pickaxe":1,"minecraft:stone_pickaxe":2,"minecraft:torch":28,"minecraft:diamond_chestplate":2,"minecraft:smoker":1},"minecraft:custom":{"minecraft:interact_with_furnace":9,"minecraft:mob_kills":86,"minecraft:interact_with_crafting_table":25,"minecraft:leave_game":1,"minecraft:time_since_death":1396,"minecraft:time_since_rest":1426,"minecraft:sprint_one_cm":130405,"minecraft:damage_taken":2829,"minecraft:walk_one_cm":214097,"minecraft:damage_blocked_by_shield":2535,"minecraft:drop":26,"minecraft:damage_dealt":14784,"minecraft:swim_one_cm":7296,"minecraft:fly_one_cm":347375,"minecraft:crouch_one_cm":20252,"minecraft:play_time":66644,"minecraft:deaths":1,"minecraft:sneak_time":5398,"minecraft:walk_under_water_one_cm":12392,"minecraft:boat_one_cm":17876,"minecraft:jump":1823,"minecraft:walk_on_water_one_cm":5532,"minecraft:interact_with_smoker":30,"minecraft:total_world_time":66644,"minecraft:fall_one_cm":48482}},"DataVersion":3953}