{"stats":{"minecraft:broken":{"minecraft:stone_axe":2},"minecraft:dropped":{"minecraft:bread":30,"minecraft:wheat_seeds":1,"minecraft:cooked_beef":6,"minecraft:ender_pearl":1,"minecraft:cobblestone":19,"minecraft:stick":18,"minecraft:oxeye_daisy":2,"minecraft:dirt":13,"minecraft:gray_wool":1,"minecraft:diorite":3,"minecraft:cherry_planks":1,"minecraft:iron_pickaxe":1,"minecraft:pink_petals":4,"minecraft:gravel":1,"minecraft:stone_axe":3,"minecraft:rotten_flesh":2,"minecraft:cooked_mutton":3,"minecraft:poppy":2,"minecraft:shield":1,"minecraft:gunpowder":1,"minecraft:diamond_chestplate":3,"minecraft:diamond_pickaxe":1,"minecraft:andesite":2,"minecraft:spider_eye":6,"minecraft:stone_pickaxe":4,"minecraft:wooden_pickaxe":1,"minecraft:black_wool":1,"minecraft:egg":1},"minecraft:used":{"minecraft:cherry_boat":9,"minecraft:flint_and_steel":1,"minecraft:shield":43,"minecraft:cooked_salmon":1,"minecraft:stone_hoe":20,"minecraft:rotten_flesh":21,"minecraft:torch":22,"minecraft:dirt":3,"minecraft:tuff":1,"minecraft:granite":2,"minecraft:lava_bucket":8,"minecraft:diamond_chestplate":2,"minecraft:bow":3,"minecraft:furnace":2,"minecraft:cooked_beef":2,"minecraft:cobbled_deepslate":31,"minecraft:golden_boots":1,"minecraft:cooked_mutton":13,"minecraft:water_bucket":3,"minecraft:diorite":2,"minecraft:stone_pickaxe":45,"minecraft:oak_planks":1,"minecraft:wooden_pickaxe":20,"minecraft:crafting_table":14,"minecraft:white_bed":1,"minecraft:campfire":1,"minecraft:smoker":6,"minecraft:diamond_pickaxe":230,"minecraft:bread":4,"minecraft:iron_pickaxe":159,"minecraft:gravel":8,"minecraft:stone_axe":238,"minecraft:cobblestone":89,"minecraft:cooked_porkchop":14,"minecraft:bucket":12},"minecraft:picked_up":{"minecraft:crafting_table":12,"minecraft:shield":1,"minecraft:string":28,"minecraft:soul_soil":1,"minecraft:cherry_boat":10,"minecraft:cobbled_deepslate":31,"minecraft:beef":29,"minecraft:poppy":2,"minecraft:iron_pickaxe":1,"minecraft:sugar_cane":10,"minecraft:furnace":3,"minecraft:egg":1,"minecraft:raw_iron":79,"minecraft:stick":41,"minecraft:torch":9,"minecraft:porkchop":25,"minecraft:cherry_log":9,"minecraft:diorite":5,"minecraft:redstone":14,"minecraft:rotten_flesh":27,"minecraft:arrow":33,"minecraft:diamond_chestplate":3,"minecraft:hay_block":20,"minecraft:mutton":17,"minecraft:white_wool":21,"minecraft:cobblestone":262,"minecraft:oxeye_daisy":2,"minecraft:pink_petals":4,"minecraft:cooked_beef":2,"minecraft:cherry_planks":15,"minecraft:andesite":2,"minecraft:salmon":13,"minecraft:leather":16,"minecraft:smoker":7,"minecraft:potato":2,"minecraft:flint":1,"minecraft:tuff":1,"minecraft:oak_log":9,"minecraft:golden_boots":1,"minecraft:yellow_bed":1,"minecraft:gunpowder":2,"minecraft:dirt":29,"minecraft:cooked_mutton":1,"minecraft:bone":32,"minecraft:bow":3,"minecraft:wheat_seeds":1,"minecraft:iron_ingot":8,"minecraft:stone_pickaxe":2,"minecraft:soul_sand":5,"minecraft:oak_planks":42,"minecraft:gravel":9,"minecraft:white_bed":2,"minecraft:spider_eye":11,"minecraft:diamond":24,"minecraft:stone_axe":3,"minecraft:granite":4,"minecraft:cherry_sapling":8,"minecraft:gray_wool":1,"minecraft:black_wool":2,"minecraft:coal":183,"minecraft:ender_pearl":7,"minecraft:diamond_pickaxe":1},"minecraft:killed_by":{"minecraft:witch":1},"minecraft:killed":{"minecraft:witch":2,"minecraft:spider":8,"minecraft:horse":3,"minecraft:skeleton":19,"minecraft:piglin":1,"minecraft:pig":10,"minecraft:zombie_villager":1,"minecraft:salmon":7,"minecraft:iron_golem":1,"minecraft:creeper":2,"minecraft:sheep":14,"minecraft:donkey":1,"minecraft:zombie":22,"minecraft:ghast":1,"minecraft:enderman":3,"minecraft:cow":15},"minecraft:mined":{"minecraft:tuff":1,"minecraft:white_bed":2,"minecraft:deepslate_diamond_ore":23,"minecraft:cherry_log":8,"minecraft:granite":2,"minecraft:grass_block":7,"minecraft:soul_soil":1,"minecraft:spruce_leaves":2,"minecraft:oxeye_daisy":2,"minecraft:hay_block":20,"minecraft:furnace":2,"minecraft:fire":1,"minecraft:iron_ore":43,"minecraft:cobbled_deepslate":1,"minecraft:andesite":1,"minecraft:deepslate_iron_ore":16,"minecraft:stone":143,"minecraft:soul_sand":7,"minecraft:smoker":6,"minecraft:crafting_table":11,"minecraft:short_grass":18,"minecraft:cobblestone":24,"minecraft:tall_grass":2,"minecraft:sugar_cane":4,"minecraft:diorite":9,"minecraft:yellow_bed":1,"minecraft:oak_log":9,"minecraft:coal_ore":82,"minecraft:dirt":8,"minecraft:gravel":10,"minecraft:netherrack":53,"minecraft:deepslate":24,"minecraft:oak_leaves":5},"minecraft:crafted":{"minecraft:cherry_planks":20,"minecraft:oak_planks":24,"minecraft:furnace":2,"minecraft:cherry_boat":1,"minecraft:cooked_mutton":15,"minecraft:flint_and_steel":1,"minecraft:stone_pickaxe":2,"minecraft:stone_hoe":1,"minecraft:wheat":180,"minecraft:smoker":1,"minecraft:cooked_beef":6,"minecraft:cooked_porkchop":14,"minecraft:crafting_table":3,"minecraft:wooden_pickaxe":1,"minecraft:cooked_salmon":1,"minecraft:bucket":1,"minecraft:campfire":1,"minecraft:stone_axe":4,"minecraft:bread":60,"minecraft:air":0,"minecraft:diamond_pickaxe":2,"minecraft:shield":2,"minecraft:stick":24,"minecraft:iron_ingot":4,"minecraft:iron_pickaxe":1,"minecraft:torch":28,"minecraft:diamond_chestplate":2},"minecraft:custom":{"minecraft:mob_kills":110,"minecraft:interact_with_crafting_table":30,"minecraft:bell_ring":25,"minecraft:leave_game":1,"minecraft:time_since_death":25396,"minecraft:sprint_one_cm":177616,"minecraft:walk_one_cm":280851,"minecraft:damage_blocked_by_shield":2715,"minecraft:drop":38,"minecraft:play_time":90644,"minecraft:deaths":1,"minecraft:sneak_time":9962,"minecraft:walk_under_water_one_cm":13358,"minecraft:boat_one_cm":57016,"minecraft:jump":2459,"minecraft:walk_on_water_one_cm":7940,"minecraft:total_world_time":90644,"minecraft:interact_with_furnace":9,"minecraft:sleep_in_bed":1,"minecraft:time_since_rest":7423,"minecraft:damage_taken":3194,"minecraft:damage_dealt":18685,"minecraft:swim_one_cm":10491,"minecraft:fly_one_cm":479514,"minecraft:crouch_one_cm":35803,"minecraft:interact_with_smoker":32,"minecraft:fall_one_cm":70921}},"DataVersion":3953}