{"stats":{"minecraft:picked_up":{"minecraft:seagrass":17,"minecraft:lead":20,"minecraft:oak_stairs":27,"minecraft:stone_brick_stairs":1,"minecraft:string":64,"minecraft:raw_copper":5,"minecraft:soul_soil":13,"minecraft:shroomlight":4,"minecraft:cherry_boat":18,"minecraft:cobbled_deepslate":88,"minecraft:bucket":4,"minecraft:spruce_planks":12,"minecraft:azalea":3,"minecraft:iron_pickaxe":1,"minecraft:melon_slice":6,"minecraft:furnace":10,"minecraft:stick":56,"minecraft:big_dripleaf":3,"minecraft:birch_trapdoor":1,"minecraft:torch":52,"minecraft:spruce_stairs":1,"minecraft:porkchop":48,"minecraft:cherry_log":10,"minecraft:diorite":6,"minecraft:stone_sword":2,"minecraft:rotten_flesh":53,"minecraft:blaze_rod":2,"minecraft:obsidian":15,"minecraft:cobblestone":963,"minecraft:birch_log":60,"minecraft:pink_petals":4,"minecraft:water_bucket":1,"minecraft:cooked_beef":21,"minecraft:cherry_planks":15,"minecraft:birch_slab":42,"minecraft:andesite":121,"minecraft:golden_leggings":1,"minecraft:dark_oak_boat":4,"minecraft:smoker":9,"minecraft:potato":4,"minecraft:flint":2,"minecraft:tuff":1,"minecraft:lapis_lazuli":4,"minecraft:lantern":3,"minecraft:dirt":930,"minecraft:bone":76,"minecraft:bow":7,"minecraft:stonecutter":1,"minecraft:wheat_seeds":108,"minecraft:bamboo":199,"minecraft:moss_block":6,"minecraft:oak_planks":46,"minecraft:stone_hoe":2,"minecraft:cooked_porkchop":19,"minecraft:sand":55,"minecraft:dark_oak_log":7,"minecraft:barrel":3,"minecraft:polished_andesite":1,"minecraft:diamond":32,"minecraft:spruce_boat":2,"minecraft:crossbow":2,"minecraft:granite":4,"minecraft:emerald":6,"minecraft:bread":22,"minecraft:oak_sapling":10,"minecraft:netherrack":128,"minecraft:crimson_roots":16,"minecraft:diamond_pickaxe":4,"minecraft:crafting_table":23,"minecraft:ominous_bottle":1,"minecraft:nether_wart":21,"minecraft:brown_mushroom":5,"minecraft:shield":1,"minecraft:moss_carpet":1,"minecraft:stone_stairs":10,"minecraft:flint_and_steel":2,"minecraft:item_frame":2,"minecraft:beef":49,"minecraft:andesite_stairs":6,"minecraft:oak_boat":7,"minecraft:jungle_sapling":12,"minecraft:poppy":4,"minecraft:spruce_slab":50,"minecraft:sugar_cane":66,"minecraft:chest":3,"minecraft:birch_sapling":6,"minecraft:spruce_trapdoor":17,"minecraft:egg":1,"minecraft:dark_oak_sapling":10,"minecraft:raw_iron":182,"minecraft:sandstone":8,"minecraft:stone":17,"minecraft:carrot":46,"minecraft:redstone":32,"minecraft:dark_oak_planks":1,"minecraft:weeping_vines":1,"minecraft:arrow":84,"minecraft:diamond_chestplate":4,"minecraft:nether_bricks":12,"minecraft:hay_block":20,"minecraft:saddle":2,"minecraft:gold_ingot":1,"minecraft:glow_berries":1,"minecraft:mutton":20,"minecraft:white_wool":35,"minecraft:oxeye_daisy":2,"minecraft:crimson_stem":6,"minecraft:salmon":26,"minecraft:leather":55,"minecraft:red_mushroom":17,"minecraft:birch_planks":100,"minecraft:crimson_fungus":4,"minecraft:oak_log":225,"minecraft:nether_wart_block":3,"minecraft:golden_boots":3,"minecraft:yellow_bed":3,"minecraft:gunpowder":4,"minecraft:cobblestone_stairs":1,"minecraft:white_banner":3,"minecraft:cooked_mutton":2,"minecraft:apple":3,"minecraft:kelp":2,"minecraft:rabbit_hide":1,"minecraft:iron_ingot":44,"minecraft:stone_pickaxe":2,"minecraft:flowering_azalea":22,"minecraft:soul_sand":40,"minecraft:oak_slab":3,"minecraft:birch_boat":3,"minecraft:dandelion":9,"minecraft:gravel":32,"minecraft:amethyst_shard":4,"minecraft:spruce_sapling":11,"minecraft:white_bed":12,"minecraft:spruce_log":154,"minecraft:spider_eye":11,"minecraft:leather_helmet":1,"minecraft:diamond_shovel":1,"minecraft:stone_axe":4,"minecraft:painting":11,"minecraft:cherry_sapling":15,"minecraft:gray_wool":1,"minecraft:black_wool":2,"minecraft:coal":365,"minecraft:ender_pearl":13},"minecraft:broken":{"minecraft:stone_axe":4,"minecraft:iron_hoe":1,"minecraft:iron_axe":2},"minecraft:killed":{"minecraft:cave_spider":1,"minecraft:zombified_piglin":2,"minecraft:witch":2,"minecraft:spider":11,"minecraft:skeleton":36,"minecraft:magma_cube":1,"minecraft:piglin":21,"minecraft:pig":11,"minecraft:zombie_villager":2,"minecraft:salmon":7,"minecraft:iron_golem":2,"minecraft:creeper":9,"minecraft:sheep":14,"minecraft:pillager":1,"minecraft:zombie":56,"minecraft:donkey":1,"minecraft:ghast":2,"minecraft:blaze":6,"minecraft:cow":17,"minecraft:horse":3,"minecraft:drowned":3,"minecraft:hoglin":9,"minecraft:wither_skeleton":2,"minecraft:enderman":4},"minecraft:dropped":{"minecraft:soul_sand":11,"minecraft:moss_block":3,"minecraft:birch_planks":10,"minecraft:cooked_beef":25,"minecraft:oak_log":44,"minecraft:ender_pearl":4,"minecraft:dark_oak_sapling":1,"minecraft:crossbow":2,"minecraft:leather":14,"minecraft:saddle":2,"minecraft:leather_helmet":1,"minecraft:emerald":6,"minecraft:dirt":395,"minecraft:jungle_sapling":4,"minecraft:amethyst_shard":4,"minecraft:iron_pickaxe":1,"minecraft:dark_oak_planks":2,"minecraft:bone":12,"minecraft:gravel":15,"minecraft:stone_axe":4,"minecraft:sugar_cane":21,"minecraft:birch_sapling":6,"minecraft:rotten_flesh":26,"minecraft:diamond_shovel":1,"minecraft:cooked_mutton":4,"minecraft:salmon":7,"minecraft:rabbit_hide":1,"minecraft:poppy":4,"minecraft:gunpowder":1,"minecraft:azalea":3,"minecraft:spruce_slab":1,"minecraft:arrow":20,"minecraft:netherrack":19,"minecraft:egg":1,"minecraft:stone_hoe":2,"minecraft:golden_boots":2,"minecraft:bread":36,"minecraft:wheat_seeds":84,"minecraft:cherry_log":1,"minecraft:lead":2,"minecraft:iron_helmet":1,"minecraft:cobblestone":20,"minecraft:apple":1,"minecraft:stick":18,"minecraft:oxeye_daisy":2,"minecraft:gray_wool":1,"minecraft:diorite":4,"minecraft:torch":24,"minecraft:melon_slice":3,"minecraft:cherry_planks":1,"minecraft:iron_leggings":1,"minecraft:oak_stairs":1,"minecraft:flowering_azalea":2,"minecraft:iron_axe":1,"minecraft:iron_shovel":1,"minecraft:string":22,"minecraft:pink_petals":4,"minecraft:bucket":5,"minecraft:dandelion":9,"minecraft:redstone":9,"minecraft:furnace":2,"minecraft:kelp":2,"minecraft:soul_soil":2,"minecraft:stone_sword":2,"minecraft:iron_boots":1,"minecraft:iron_hoe":1,"minecraft:shears":1,"minecraft:flint_and_steel":1,"minecraft:big_dripleaf":2,"minecraft:potato":1,"minecraft:shield":2,"minecraft:diamond_chestplate":3,"minecraft:spruce_trapdoor":1,"minecraft:spruce_planks":2,"minecraft:diamond_pickaxe":3,"minecraft:andesite":18,"minecraft:golden_leggings":1,"minecraft:oak_sapling":8,"minecraft:spider_eye":6,"minecraft:bamboo":56,"minecraft:sandstone":8,"minecraft:bow":2,"minecraft:stone_pickaxe":4,"minecraft:wooden_pickaxe":1,"minecraft:black_wool":1},"minecraft:custom":{"minecraft:interact_with_crafting_table":112,"minecraft:bell_ring":25,"minecraft:leave_game":5,"minecraft:time_since_death":436196,"minecraft:sprint_one_cm":860036,"minecraft:damage_blocked_by_shield":5090,"minecraft:drop":208,"minecraft:talked_to_villager":1,"minecraft:play_time":532269,"minecraft:deaths":2,"minecraft:jump":10199,"minecraft:walk_on_water_one_cm":37685,"minecraft:interact_with_furnace":54,"minecraft:sleep_in_bed":25,"minecraft:damage_dealt":41807,"minecraft:crouch_one_cm":284200,"minecraft:interact_with_smoker":42,"minecraft:mob_kills":231,"minecraft:climb_one_cm":5020,"minecraft:walk_one_cm":1447092,"minecraft:sneak_time":64431,"minecraft:walk_under_water_one_cm":29647,"minecraft:boat_one_cm":3094426,"minecraft:total_world_time":532269,"minecraft:interact_with_stonecutter":7,"minecraft:time_since_rest":79640,"minecraft:damage_taken":7065,"minecraft:swim_one_cm":34944,"minecraft:fly_one_cm":2069148,"minecraft:open_chest":128,"minecraft:fall_one_cm":276680},"minecraft:mined":{"minecraft:white_bed":11,"minecraft:andesite_stairs":6,"minecraft:cherry_log":8,"minecraft:cobblestone_stairs":1,"minecraft:jungle_leaves":420,"minecraft:obsidian":15,"minecraft:cave_vines_plant":9,"minecraft:spruce_trapdoor":16,"minecraft:granite":2,"minecraft:grass_block":438,"minecraft:soul_soil":13,"minecraft:nether_wart":14,"minecraft:crimson_fungus":3,"minecraft:oxeye_daisy":2,"minecraft:spawner":1,"minecraft:weeping_vines_plant":4,"minecraft:cobbled_deepslate":2,"minecraft:iron_ore":87,"minecraft:barrel":3,"minecraft:fire":23,"minecraft:cave_vines":6,"minecraft:dirt_path":3,"minecraft:oak_stairs":28,"minecraft:azalea":6,"minecraft:white_banner":1,"minecraft:spruce_slab":46,"minecraft:crimson_nylium":36,"minecraft:smoker":7,"minecraft:soul_fire":2,"minecraft:amethyst_cluster":2,"minecraft:torch":6,"minecraft:poppy":1,"minecraft:melon":1,"minecraft:chest":3,"minecraft:cobblestone":142,"minecraft:sugar_cane":17,"minecraft:oak_planks":4,"minecraft:wall_torch":2,"minecraft:seagrass":4,"minecraft:stone_stairs":10,"minecraft:nether_wart_block":3,"minecraft:birch_log":36,"minecraft:birch_trapdoor":1,"minecraft:stone_brick_stairs":1,"minecraft:oak_log":32,"minecraft:sand":56,"minecraft:dirt":86,"minecraft:stonecutter":1,"minecraft:netherrack":160,"minecraft:oak_leaves":17,"minecraft:deepslate":36,"minecraft:tuff":1,"minecraft:dark_oak_leaves":253,"minecraft:deepslate_diamond_ore":30,"minecraft:cherry_sapling":3,"minecraft:dark_oak_log":7,"minecraft:nether_bricks":12,"minecraft:crimson_roots":14,"minecraft:birch_slab":39,"minecraft:spruce_leaves":24,"minecraft:moss_block":21,"minecraft:kelp":2,"minecraft:sandstone":8,"minecraft:crimson_stem":6,"minecraft:large_fern":1,"minecraft:hay_block":20,"minecraft:spore_blossom":2,"minecraft:redstone_ore":2,"minecraft:furnace":6,"minecraft:carrots":11,"minecraft:andesite":108,"minecraft:big_dripleaf_stem":1,"minecraft:gold_block":1,"minecraft:shroomlight":4,"minecraft:deepslate_iron_ore":20,"minecraft:vine":2,"minecraft:bamboo":15,"minecraft:stone":657,"minecraft:oak_slab":3,"minecraft:flowering_azalea":21,"minecraft:soul_sand":37,"minecraft:dandelion":8,"minecraft:crafting_table":22,"minecraft:short_grass":401,"minecraft:copper_ore":1,"minecraft:tall_grass":142,"minecraft:lapis_ore":1,"minecraft:diorite":10,"minecraft:big_dripleaf":1,"minecraft:spruce_stairs":1,"minecraft:spruce_log":156,"minecraft:birch_leaves":6,"minecraft:yellow_bed":3,"minecraft:white_wall_banner":1,"minecraft:coal_ore":120,"minecraft:gravel":26,"minecraft:cobweb":2,"minecraft:polished_andesite":1,"minecraft:fern":8},"minecraft:killed_by":{"minecraft:witch":1},"minecraft:crafted":{"minecraft:oak_planks":880,"minecraft:barrel":2,"minecraft:dark_oak_boat":1,"minecraft:birch_boat":2,"minecraft:birch_slab":516,"minecraft:cherry_boat":1,"minecraft:stone":15,"minecraft:diamond_shovel":1,"minecraft:cooked_mutton":18,"minecraft:iron_boots":2,"minecraft:chest":20,"minecraft:stone_hoe":1,"minecraft:smoker":1,"minecraft:oak_slab":162,"minecraft:item_frame":3,"minecraft:cooked_porkchop":32,"minecraft:crafting_table":17,"minecraft:spruce_planks":360,"minecraft:wooden_pickaxe":1,"minecraft:iron_helmet":2,"minecraft:birch_planks":240,"minecraft:campfire":1,"minecraft:painting":1,"minecraft:stone_brick_stairs":8,"minecraft:spruce_trapdoor":14,"minecraft:charcoal":2,"minecraft:diamond_pickaxe":2,"minecraft:shield":3,"minecraft:stick":156,"minecraft:iron_ingot":68,"minecraft:iron_pickaxe":1,"minecraft:shears":2,"minecraft:polished_andesite":16,"minecraft:cherry_planks":20,"minecraft:furnace":5,"minecraft:bone_meal":42,"minecraft:flint_and_steel":2,"minecraft:spruce_stairs":12,"minecraft:iron_axe":4,"minecraft:iron_hoe":3,"minecraft:spruce_slab":388,"minecraft:stone_pickaxe":2,"minecraft:spruce_boat":1,"minecraft:dark_oak_planks":20,"minecraft:wheat":180,"minecraft:cooked_beef":26,"minecraft:crimson_planks":24,"minecraft:iron_sword":1,"minecraft:cooked_salmon":1,"minecraft:bucket":4,"minecraft:stone_axe":6,"minecraft:bread":60,"minecraft:air":0,"minecraft:oak_boat":2,"minecraft:oak_stairs":328,"minecraft:birch_trapdoor":6,"minecraft:iron_shovel":1,"minecraft:iron_leggings":2,"minecraft:stonecutter":1,"minecraft:white_bed":4,"minecraft:torch":360,"minecraft:diamond_chestplate":2},"minecraft:used":{"minecraft:cherry_sapling":7,"minecraft:moss_carpet":1,"minecraft:iron_shovel":107,"minecraft:spruce_slab":389,"minecraft:chest":19,"minecraft:shield":89,"minecraft:iron_sword":61,"minecraft:rotten_flesh":22,"minecraft:soul_sand":5,"minecraft:carrot":34,"minecraft:tuff":1,"minecraft:axolotl_bucket":1,"minecraft:weeping_vines":1,"minecraft:obsidian":11,"minecraft:spruce_boat":2,"minecraft:jungle_sapling":4,"minecraft:lava_bucket":8,"minecraft:lantern":3,"minecraft:polished_andesite_stairs":8,"minecraft:stone_brick_stairs":9,"minecraft:item_frame":5,"minecraft:birch_trapdoor":7,"minecraft:bow":11,"minecraft:dark_oak_boat":5,"minecraft:furnace":9,"minecraft:dark_oak_sapling":8,"minecraft:golden_boots":1,"minecraft:diorite":2,"minecraft:stone_pickaxe":45,"minecraft:oak_planks":44,"minecraft:wooden_pickaxe":20,"minecraft:sugar_cane":3,"minecraft:dark_oak_log":8,"minecraft:birch_slab":467,"minecraft:bread":24,"minecraft:gravel":15,"minecraft:andesite":22,"minecraft:oak_boat":8,"minecraft:bone_meal":35,"minecraft:cherry_boat":16,"minecraft:flint_and_steel":33,"minecraft:spruce_planks":6,"minecraft:cooked_salmon":1,"minecraft:stone_hoe":35,"minecraft:netherrack":63,"minecraft:torch":373,"minecraft:dirt":282,"minecraft:spruce_stairs":13,"minecraft:stone_stairs":31,"minecraft:granite":2,"minecraft:iron_hoe":670,"minecraft:flowering_azalea":20,"minecraft:iron_axe":547,"minecraft:oak_stairs":350,"minecraft:crimson_planks":24,"minecraft:barrel":5,"minecraft:bamboo":115,"minecraft:diamond_chestplate":2,"minecraft:soul_soil":4,"minecraft:cooked_beef":22,"minecraft:cobbled_deepslate":39,"minecraft:iron_leggings":1,"minecraft:cooked_mutton":16,"minecraft:water_bucket":29,"minecraft:cobblestone_stairs":11,"minecraft:polished_andesite":9,"minecraft:birch_boat":4,"minecraft:stonecutter":2,"minecraft:oak_slab":143,"minecraft:crafting_table":35,"minecraft:campfire":1,"minecraft:white_bed":15,"minecraft:painting":12,"minecraft:spruce_log":44,"minecraft:smoker":8,"minecraft:oak_log":71,"minecraft:diamond_pickaxe":1345,"minecraft:diamond_shovel":595,"minecraft:iron_pickaxe":159,"minecraft:spruce_trapdoor":29,"minecraft:spruce_sapling":10,"minecraft:stone_axe":402,"minecraft:cobblestone":623,"minecraft:white_banner":3,"minecraft:cooked_porkchop":37,"minecraft:andesite_stairs":12,"minecraft:bucket":38,"minecraft:yellow_bed":2}},"DataVersion":3953}