{"stats":{"minecraft:killed_by":{"minecraft:witch":1},"minecraft:killed":{"minecraft:witch":2,"minecraft:spider":9,"minecraft:skeleton":22,"minecraft:horse":3,"minecraft:drowned":3,"minecraft:piglin":1,"minecraft:pig":11,"minecraft:zombie_villager":1,"minecraft:salmon":7,"minecraft:iron_golem":1,"minecraft:creeper":4,"minecraft:sheep":14,"minecraft:zombie":35,"minecraft:donkey":1,"minecraft:ghast":1,"minecraft:enderman":3,"minecraft:cow":17},"minecraft:used":{"minecraft:cherry_boat":15,"minecraft:cherry_sapling":7,"minecraft:iron_shovel":107,"minecraft:flint_and_steel":1,"minecraft:spruce_slab":366,"minecraft:chest":15,"minecraft:shield":43,"minecraft:cooked_salmon":1,"minecraft:stone_hoe":35,"minecraft:rotten_flesh":21,"minecraft:netherrack":15,"minecraft:torch":91,"minecraft:dirt":107,"minecraft:spruce_stairs":11,"minecraft:stone_stairs":14,"minecraft:tuff":1,"minecraft:granite":2,"minecraft:jungle_sapling":4,"minecraft:iron_hoe":661,"minecraft:lava_bucket":8,"minecraft:iron_axe":367,"minecraft:oak_stairs":11,"minecraft:barrel":5,"minecraft:bamboo":50,"minecraft:diamond_chestplate":2,"minecraft:bow":3,"minecraft:dark_oak_boat":5,"minecraft:furnace":5,"minecraft:cooked_beef":3,"minecraft:cobbled_deepslate":31,"minecraft:dark_oak_sapling":8,"minecraft:iron_leggings":1,"minecraft:golden_boots":1,"minecraft:cooked_mutton":15,"minecraft:water_bucket":3,"minecraft:diorite":2,"minecraft:polished_andesite":9,"minecraft:stone_pickaxe":45,"minecraft:oak_planks":1,"minecraft:birch_boat":2,"minecraft:wooden_pickaxe":20,"minecraft:stonecutter":2,"minecraft:crafting_table":21,"minecraft:campfire":1,"minecraft:white_bed":15,"minecraft:spruce_log":15,"minecraft:smoker":7,"minecraft:oak_log":68,"minecraft:diamond_pickaxe":694,"minecraft:diamond_shovel":223,"minecraft:dark_oak_log":8,"minecraft:birch_slab":86,"minecraft:bread":24,"minecraft:iron_pickaxe":159,"minecraft:spruce_trapdoor":29,"minecraft:spruce_sapling":10,"minecraft:gravel":8,"minecraft:stone_axe":271,"minecraft:cobblestone":370,"minecraft:cooked_porkchop":22,"minecraft:andesite":13,"minecraft:bucket":12,"minecraft:yellow_bed":2,"minecraft:bone_meal":27},"minecraft:picked_up":{"minecraft:crafting_table":16,"minecraft:lead":7,"minecraft:oak_stairs":4,"minecraft:shield":1,"minecraft:stone_stairs":2,"minecraft:string":42,"minecraft:soul_soil":2,"minecraft:flint_and_steel":1,"minecraft:cherry_boat":16,"minecraft:cobbled_deepslate":31,"minecraft:spruce_planks":12,"minecraft:beef":49,"minecraft:spruce_slab":43,"minecraft:jungle_sapling":8,"minecraft:poppy":2,"minecraft:iron_pickaxe":1,"minecraft:sugar_cane":31,"minecraft:melon_slice":3,"minecraft:chest":1,"minecraft:birch_sapling":6,"minecraft:spruce_trapdoor":16,"minecraft:egg":1,"minecraft:furnace":7,"minecraft:dark_oak_sapling":9,"minecraft:stick":56,"minecraft:raw_iron":132,"minecraft:stone":17,"minecraft:torch":20,"minecraft:spruce_stairs":1,"minecraft:porkchop":43,"minecraft:cherry_log":9,"minecraft:diorite":5,"minecraft:redstone":23,"minecraft:dark_oak_planks":1,"minecraft:rotten_flesh":35,"minecraft:diamond_chestplate":4,"minecraft:arrow":53,"minecraft:hay_block":20,"minecraft:saddle":1,"minecraft:mutton":20,"minecraft:white_wool":33,"minecraft:cobblestone":674,"minecraft:oxeye_daisy":2,"minecraft:birch_log":29,"minecraft:pink_petals":4,"minecraft:cooked_beef":2,"minecraft:cherry_planks":15,"minecraft:birch_slab":26,"minecraft:salmon":19,"minecraft:andesite":51,"minecraft:leather":30,"minecraft:dark_oak_boat":4,"minecraft:smoker":9,"minecraft:potato":3,"minecraft:birch_planks":100,"minecraft:flint":1,"minecraft:tuff":1,"minecraft:oak_log":225,"minecraft:golden_boots":3,"minecraft:yellow_bed":3,"minecraft:gunpowder":2,"minecraft:dirt":748,"minecraft:cooked_mutton":1,"minecraft:bone":60,"minecraft:apple":1,"minecraft:stonecutter":1,"minecraft:bow":4,"minecraft:wheat_seeds":63,"minecraft:iron_ingot":41,"minecraft:stone_pickaxe":2,"minecraft:bamboo":74,"minecraft:soul_sand":11,"minecraft:stone_hoe":2,"minecraft:oak_planks":42,"minecraft:gravel":13,"minecraft:barrel":3,"minecraft:spruce_sapling":11,"minecraft:white_bed":12,"minecraft:spruce_log":153,"minecraft:dark_oak_log":7,"minecraft:spider_eye":11,"minecraft:leather_helmet":1,"minecraft:polished_andesite":1,"minecraft:diamond_shovel":1,"minecraft:diamond":25,"minecraft:stone_axe":4,"minecraft:granite":4,"minecraft:cherry_sapling":15,"minecraft:gray_wool":1,"minecraft:bread":22,"minecraft:oak_sapling":4,"minecraft:netherrack":57,"minecraft:black_wool":2,"minecraft:coal":315,"minecraft:diamond_pickaxe":2,"minecraft:ender_pearl":10},"minecraft:dropped":{"minecraft:stone_hoe":2,"minecraft:golden_boots":2,"minecraft:bread":36,"minecraft:soul_sand":11,"minecraft:birch_planks":10,"minecraft:wheat_seeds":50,"minecraft:cooked_beef":6,"minecraft:oak_log":44,"minecraft:ender_pearl":1,"minecraft:iron_helmet":1,"minecraft:cobblestone":19,"minecraft:saddle":1,"minecraft:leather_helmet":1,"minecraft:stick":18,"minecraft:oxeye_daisy":2,"minecraft:dirt":392,"minecraft:gray_wool":1,"minecraft:diorite":3,"minecraft:cherry_planks":1,"minecraft:iron_leggings":1,"minecraft:iron_axe":1,"minecraft:iron_pickaxe":1,"minecraft:iron_shovel":1,"minecraft:dark_oak_planks":2,"minecraft:pink_petals":4,"minecraft:bone":10,"minecraft:gravel":3,"minecraft:stone_axe":3,"minecraft:soul_soil":2,"minecraft:birch_sapling":6,"minecraft:rotten_flesh":9,"minecraft:iron_boots":1,"minecraft:iron_hoe":1,"minecraft:diamond_shovel":1,"minecraft:cooked_mutton":3,"minecraft:poppy":2,"minecraft:shield":1,"minecraft:gunpowder":1,"minecraft:diamond_chestplate":3,"minecraft:diamond_pickaxe":1,"minecraft:andesite":12,"minecraft:oak_sapling":2,"minecraft:spider_eye":6,"minecraft:spruce_slab":1,"minecraft:wooden_pickaxe":1,"minecraft:stone_pickaxe":4,"minecraft:netherrack":19,"minecraft:black_wool":1,"minecraft:egg":1},"minecraft:broken":{"minecraft:iron_axe":1,"minecraft:stone_axe":3,"minecraft:iron_hoe":1},"minecraft:mined":{"minecraft:tuff":1,"minecraft:white_bed":11,"minecraft:dark_oak_leaves":253,"minecraft:deepslate_diamond_ore":23,"minecraft:cherry_log":8,"minecraft:cherry_sapling":3,"minecraft:jungle_leaves":420,"minecraft:dark_oak_log":7,"minecraft:spruce_trapdoor":16,"minecraft:granite":2,"minecraft:grass_block":309,"minecraft:soul_soil":1,"minecraft:birch_slab":25,"minecraft:spruce_leaves":24,"minecraft:oxeye_daisy":2,"minecraft:hay_block":20,"minecraft:furnace":5,"minecraft:barrel":3,"minecraft:cobbled_deepslate":1,"minecraft:iron_ore":43,"minecraft:fire":1,"minecraft:andesite":40,"minecraft:gold_block":1,"minecraft:deepslate_iron_ore":16,"minecraft:vine":1,"minecraft:oak_stairs":4,"minecraft:bamboo":5,"minecraft:stone":433,"minecraft:spruce_slab":40,"minecraft:soul_sand":7,"minecraft:smoker":7,"minecraft:crafting_table":15,"minecraft:torch":3,"minecraft:short_grass":256,"minecraft:melon":1,"minecraft:chest":1,"minecraft:cobblestone":80,"minecraft:tall_grass":91,"minecraft:sugar_cane":13,"minecraft:diorite":9,"minecraft:spruce_stairs":1,"minecraft:stone_stairs":2,"minecraft:birch_log":5,"minecraft:spruce_log":155,"minecraft:birch_leaves":1,"minecraft:yellow_bed":3,"minecraft:coal_ore":82,"minecraft:oak_log":32,"minecraft:gravel":10,"minecraft:dirt":35,"minecraft:stonecutter":1,"minecraft:polished_andesite":1,"minecraft:netherrack":123,"minecraft:oak_leaves":17,"minecraft:fern":8,"minecraft:deepslate":24},"minecraft:custom":{"minecraft:mob_kills":139,"minecraft:interact_with_crafting_table":77,"minecraft:bell_ring":25,"minecraft:leave_game":3,"minecraft:time_since_death":212981,"minecraft:climb_one_cm":3224,"minecraft:sprint_one_cm":466384,"minecraft:walk_one_cm":716236,"minecraft:damage_blocked_by_shield":2715,"minecraft:drop":95,"minecraft:play_time":309054,"minecraft:deaths":2,"minecraft:sneak_time":29993,"minecraft:walk_under_water_one_cm":18748,"minecraft:boat_one_cm":2661441,"minecraft:jump":5235,"minecraft:walk_on_water_one_cm":19721,"minecraft:total_world_time":309054,"minecraft:interact_with_furnace":33,"minecraft:interact_with_stonecutter":4,"minecraft:sleep_in_bed":14,"minecraft:time_since_rest":2738,"minecraft:damage_taken":4353,"minecraft:damage_dealt":23834,"minecraft:swim_one_cm":20403,"minecraft:fly_one_cm":1025850,"minecraft:open_chest":43,"minecraft:crouch_one_cm":139104,"minecraft:interact_with_smoker":40,"minecraft:fall_one_cm":143385},"minecraft:crafted":{"minecraft:cherry_planks":20,"minecraft:oak_planks":184,"minecraft:barrel":2,"minecraft:dark_oak_boat":1,"minecraft:birch_boat":2,"minecraft:birch_slab":60,"minecraft:furnace":4,"minecraft:cherry_boat":1,"minecraft:stone":15,"minecraft:bone_meal":30,"minecraft:diamond_shovel":1,"minecraft:cooked_mutton":18,"minecraft:flint_and_steel":1,"minecraft:spruce_stairs":12,"minecraft:iron_boots":2,"minecraft:iron_axe":3,"minecraft:spruce_slab":388,"minecraft:iron_hoe":3,"minecraft:stone_pickaxe":2,"minecraft:chest":16,"minecraft:dark_oak_planks":20,"minecraft:stone_hoe":1,"minecraft:smoker":1,"minecraft:wheat":180,"minecraft:cooked_beef":26,"minecraft:cooked_porkchop":32,"minecraft:crafting_table":7,"minecraft:spruce_planks":296,"minecraft:wooden_pickaxe":1,"minecraft:iron_helmet":2,"minecraft:cooked_salmon":1,"minecraft:birch_planks":20,"minecraft:bucket":1,"minecraft:campfire":1,"minecraft:stone_axe":4,"minecraft:bread":60,"minecraft:air":0,"minecraft:spruce_trapdoor":14,"minecraft:diamond_pickaxe":2,"minecraft:shield":3,"minecraft:stick":80,"minecraft:iron_ingot":25,"minecraft:iron_pickaxe":1,"minecraft:oak_stairs":8,"minecraft:iron_shovel":1,"minecraft:iron_leggings":2,"minecraft:stonecutter":1,"minecraft:white_bed":4,"minecraft:torch":244,"minecraft:polished_andesite":16,"minecraft:diamond_chestplate":2}},"DataVersion":3953}