{"stats":{"minecraft:killed_by":{"minecraft:witch":1},"minecraft:killed":{"minecraft:witch":2,"minecraft:spider":9,"minecraft:skeleton":22,"minecraft:piglin":1,"minecraft:pig":11,"minecraft:zombie_villager":1,"minecraft:salmon":7,"minecraft:iron_golem":1,"minecraft:creeper":4,"minecraft:sheep":14,"minecraft:donkey":1,"minecraft:zombie":36,"minecraft:ghast":1,"minecraft:cow":17,"minecraft:horse":3,"minecraft:drowned":3,"minecraft:enderman":3},"minecraft:used":{"minecraft:cherry_sapling":7,"minecraft:iron_shovel":107,"minecraft:spruce_slab":388,"minecraft:chest":15,"minecraft:shield":43,"minecraft:rotten_flesh":21,"minecraft:tuff":1,"minecraft:jungle_sapling":4,"minecraft:lava_bucket":8,"minecraft:polished_andesite_stairs":8,"minecraft:stone_brick_stairs":8,"minecraft:item_frame":3,"minecraft:birch_trapdoor":7,"minecraft:bow":3,"minecraft:dark_oak_boat":5,"minecraft:furnace":8,"minecraft:dark_oak_sapling":8,"minecraft:golden_boots":1,"minecraft:diorite":2,"minecraft:stone_pickaxe":45,"minecraft:oak_planks":1,"minecraft:wooden_pickaxe":20,"minecraft:dark_oak_log":8,"minecraft:birch_slab":291,"minecraft:bread":24,"minecraft:gravel":8,"minecraft:andesite":21,"minecraft:bone_meal":27,"minecraft:cherry_boat":15,"minecraft:flint_and_steel":1,"minecraft:cooked_salmon":1,"minecraft:stone_hoe":35,"minecraft:netherrack":15,"minecraft:torch":97,"minecraft:dirt":177,"minecraft:spruce_stairs":13,"minecraft:stone_stairs":28,"minecraft:granite":2,"minecraft:iron_hoe":661,"minecraft:iron_axe":379,"minecraft:oak_stairs":11,"minecraft:barrel":5,"minecraft:bamboo":50,"minecraft:diamond_chestplate":2,"minecraft:cooked_beef":3,"minecraft:cobbled_deepslate":31,"minecraft:iron_leggings":1,"minecraft:cooked_mutton":15,"minecraft:water_bucket":3,"minecraft:cobblestone_stairs":11,"minecraft:polished_andesite":9,"minecraft:birch_boat":2,"minecraft:stonecutter":2,"minecraft:crafting_table":23,"minecraft:white_bed":15,"minecraft:campfire":1,"minecraft:painting":12,"minecraft:smoker":8,"minecraft:spruce_log":27,"minecraft:oak_log":71,"minecraft:diamond_pickaxe":853,"minecraft:diamond_shovel":341,"minecraft:iron_pickaxe":159,"minecraft:spruce_trapdoor":29,"minecraft:spruce_sapling":10,"minecraft:stone_axe":271,"minecraft:cobblestone":464,"minecraft:cooked_porkchop":24,"minecraft:andesite_stairs":12,"minecraft:bucket":12,"minecraft:yellow_bed":2},"minecraft:picked_up":{"minecraft:lead":9,"minecraft:oak_stairs":4,"minecraft:stone_brick_stairs":1,"minecraft:string":56,"minecraft:soul_soil":2,"minecraft:cherry_boat":16,"minecraft:cobbled_deepslate":31,"minecraft:spruce_planks":12,"minecraft:iron_pickaxe":1,"minecraft:melon_slice":6,"minecraft:furnace":9,"minecraft:stick":56,"minecraft:birch_trapdoor":1,"minecraft:torch":46,"minecraft:spruce_stairs":1,"minecraft:porkchop":43,"minecraft:cherry_log":9,"minecraft:diorite":5,"minecraft:rotten_flesh":35,"minecraft:cobblestone":770,"minecraft:birch_log":29,"minecraft:pink_petals":4,"minecraft:cooked_beef":21,"minecraft:cherry_planks":15,"minecraft:birch_slab":27,"minecraft:andesite":96,"minecraft:dark_oak_boat":4,"minecraft:smoker":9,"minecraft:potato":4,"minecraft:flint":1,"minecraft:tuff":1,"minecraft:dirt":783,"minecraft:bone":60,"minecraft:bow":5,"minecraft:stonecutter":1,"minecraft:wheat_seeds":78,"minecraft:bamboo":74,"minecraft:oak_planks":42,"minecraft:stone_hoe":2,"minecraft:dark_oak_log":7,"minecraft:barrel":3,"minecraft:polished_andesite":1,"minecraft:diamond":25,"minecraft:granite":4,"minecraft:bread":22,"minecraft:oak_sapling":10,"minecraft:netherrack":57,"minecraft:diamond_pickaxe":2,"minecraft:crafting_table":16,"minecraft:shield":1,"minecraft:stone_stairs":10,"minecraft:flint_and_steel":2,"minecraft:beef":49,"minecraft:andesite_stairs":6,"minecraft:jungle_sapling":12,"minecraft:poppy":2,"minecraft:spruce_slab":49,"minecraft:sugar_cane":52,"minecraft:chest":3,"minecraft:birch_sapling":6,"minecraft:spruce_trapdoor":16,"minecraft:egg":1,"minecraft:dark_oak_sapling":10,"minecraft:raw_iron":132,"minecraft:stone":17,"minecraft:redstone":32,"minecraft:dark_oak_planks":1,"minecraft:arrow":73,"minecraft:diamond_chestplate":4,"minecraft:hay_block":20,"minecraft:saddle":2,"minecraft:mutton":20,"minecraft:white_wool":35,"minecraft:oxeye_daisy":2,"minecraft:salmon":25,"minecraft:leather":44,"minecraft:birch_planks":100,"minecraft:oak_log":225,"minecraft:golden_boots":3,"minecraft:yellow_bed":3,"minecraft:gunpowder":2,"minecraft:cobblestone_stairs":1,"minecraft:cooked_mutton":2,"minecraft:apple":2,"minecraft:stone_pickaxe":2,"minecraft:iron_ingot":41,"minecraft:soul_sand":11,"minecraft:gravel":13,"minecraft:spruce_sapling":11,"minecraft:white_bed":12,"minecraft:spruce_log":153,"minecraft:spider_eye":11,"minecraft:leather_helmet":1,"minecraft:diamond_shovel":1,"minecraft:stone_axe":4,"minecraft:painting":11,"minecraft:cherry_sapling":15,"minecraft:gray_wool":1,"minecraft:black_wool":2,"minecraft:coal":315,"minecraft:ender_pearl":13},"minecraft:dropped":{"minecraft:soul_sand":11,"minecraft:birch_planks":10,"minecraft:cooked_beef":25,"minecraft:oak_log":44,"minecraft:ender_pearl":4,"minecraft:dark_oak_sapling":1,"minecraft:leather":14,"minecraft:saddle":2,"minecraft:leather_helmet":1,"minecraft:dirt":392,"minecraft:jungle_sapling":4,"minecraft:iron_pickaxe":1,"minecraft:dark_oak_planks":2,"minecraft:bone":10,"minecraft:gravel":3,"minecraft:stone_axe":3,"minecraft:sugar_cane":21,"minecraft:birch_sapling":6,"minecraft:rotten_flesh":9,"minecraft:diamond_shovel":1,"minecraft:cooked_mutton":4,"minecraft:salmon":6,"minecraft:poppy":2,"minecraft:gunpowder":1,"minecraft:spruce_slab":1,"minecraft:arrow":20,"minecraft:netherrack":19,"minecraft:egg":1,"minecraft:stone_hoe":2,"minecraft:golden_boots":2,"minecraft:bread":36,"minecraft:wheat_seeds":61,"minecraft:iron_helmet":1,"minecraft:cobblestone":19,"minecraft:lead":2,"minecraft:apple":1,"minecraft:stick":18,"minecraft:oxeye_daisy":2,"minecraft:gray_wool":1,"minecraft:diorite":3,"minecraft:torch":24,"minecraft:melon_slice":3,"minecraft:cherry_planks":1,"minecraft:iron_leggings":1,"minecraft:iron_axe":1,"minecraft:iron_shovel":1,"minecraft:string":14,"minecraft:pink_petals":4,"minecraft:redstone":9,"minecraft:furnace":2,"minecraft:soul_soil":2,"minecraft:iron_boots":1,"minecraft:iron_hoe":1,"minecraft:flint_and_steel":1,"minecraft:potato":1,"minecraft:shield":1,"minecraft:diamond_chestplate":3,"minecraft:diamond_pickaxe":1,"minecraft:andesite":12,"minecraft:oak_sapling":8,"minecraft:spider_eye":6,"minecraft:bow":1,"minecraft:stone_pickaxe":4,"minecraft:wooden_pickaxe":1,"minecraft:black_wool":1},"minecraft:broken":{"minecraft:stone_axe":3,"minecraft:iron_hoe":1,"minecraft:iron_axe":1},"minecraft:mined":{"minecraft:white_bed":11,"minecraft:andesite_stairs":6,"minecraft:cobblestone_stairs":1,"minecraft:cherry_log":8,"minecraft:jungle_leaves":420,"minecraft:spruce_trapdoor":16,"minecraft:granite":2,"minecraft:grass_block":332,"minecraft:soul_soil":1,"minecraft:oxeye_daisy":2,"minecraft:fire":1,"minecraft:iron_ore":43,"minecraft:cobbled_deepslate":1,"minecraft:barrel":3,"minecraft:dirt_path":2,"minecraft:oak_stairs":4,"minecraft:spruce_slab":46,"minecraft:smoker":7,"minecraft:torch":5,"minecraft:melon":1,"minecraft:chest":3,"minecraft:cobblestone":101,"minecraft:sugar_cane":13,"minecraft:stone_stairs":10,"minecraft:birch_log":5,"minecraft:birch_trapdoor":1,"minecraft:stone_brick_stairs":1,"minecraft:oak_log":32,"minecraft:dirt":46,"minecraft:stonecutter":1,"minecraft:netherrack":123,"minecraft:oak_leaves":17,"minecraft:deepslate":24,"minecraft:tuff":1,"minecraft:dark_oak_leaves":253,"minecraft:deepslate_diamond_ore":23,"minecraft:cherry_sapling":3,"minecraft:dark_oak_log":7,"minecraft:birch_slab":26,"minecraft:spruce_leaves":24,"minecraft:hay_block":20,"minecraft:furnace":5,"minecraft:andesite":86,"minecraft:gold_block":1,"minecraft:vine":1,"minecraft:deepslate_iron_ore":16,"minecraft:bamboo":5,"minecraft:stone":508,"minecraft:soul_sand":7,"minecraft:crafting_table":15,"minecraft:short_grass":299,"minecraft:tall_grass":99,"minecraft:diorite":9,"minecraft:spruce_stairs":1,"minecraft:spruce_log":155,"minecraft:birch_leaves":1,"minecraft:yellow_bed":3,"minecraft:coal_ore":82,"minecraft:gravel":10,"minecraft:polished_andesite":1,"minecraft:fern":8},"minecraft:custom":{"minecraft:interact_with_crafting_table":86,"minecraft:bell_ring":25,"minecraft:leave_game":3,"minecraft:time_since_death":236981,"minecraft:sprint_one_cm":517066,"minecraft:damage_blocked_by_shield":2715,"minecraft:drop":117,"minecraft:play_time":333054,"minecraft:deaths":2,"minecraft:jump":5597,"minecraft:walk_on_water_one_cm":19721,"minecraft:interact_with_furnace":35,"minecraft:sleep_in_bed":15,"minecraft:damage_dealt":24034,"minecraft:crouch_one_cm":170190,"minecraft:interact_with_smoker":40,"minecraft:mob_kills":140,"minecraft:climb_one_cm":3224,"minecraft:walk_one_cm":831449,"minecraft:sneak_time":35904,"minecraft:walk_under_water_one_cm":18748,"minecraft:boat_one_cm":2661441,"minecraft:total_world_time":333054,"minecraft:interact_with_stonecutter":7,"minecraft:time_since_rest":12238,"minecraft:damage_taken":4451,"minecraft:swim_one_cm":20403,"minecraft:fly_one_cm":1106268,"minecraft:open_chest":62,"minecraft:fall_one_cm":151383},"minecraft:crafted":{"minecraft:oak_planks":188,"minecraft:barrel":2,"minecraft:dark_oak_boat":1,"minecraft:birch_boat":2,"minecraft:birch_slab":264,"minecraft:cherry_boat":1,"minecraft:stone":15,"minecraft:diamond_shovel":1,"minecraft:cooked_mutton":18,"minecraft:iron_boots":2,"minecraft:chest":16,"minecraft:stone_hoe":1,"minecraft:smoker":1,"minecraft:item_frame":3,"minecraft:cooked_porkchop":32,"minecraft:crafting_table":8,"minecraft:spruce_planks":296,"minecraft:wooden_pickaxe":1,"minecraft:iron_helmet":2,"minecraft:birch_planks":116,"minecraft:campfire":1,"minecraft:painting":1,"minecraft:stone_brick_stairs":8,"minecraft:spruce_trapdoor":14,"minecraft:diamond_pickaxe":2,"minecraft:shield":3,"minecraft:stick":116,"minecraft:iron_ingot":25,"minecraft:iron_pickaxe":1,"minecraft:shears":1,"minecraft:polished_andesite":16,"minecraft:cherry_planks":20,"minecraft:furnace":4,"minecraft:bone_meal":30,"minecraft:flint_and_steel":1,"minecraft:spruce_stairs":12,"minecraft:iron_axe":3,"minecraft:iron_hoe":3,"minecraft:spruce_slab":388,"minecraft:stone_pickaxe":2,"minecraft:dark_oak_planks":20,"minecraft:wheat":180,"minecraft:cooked_beef":26,"minecraft:cooked_salmon":1,"minecraft:bucket":1,"minecraft:stone_axe":4,"minecraft:air":0,"minecraft:bread":60,"minecraft:birch_trapdoor":6,"minecraft:oak_stairs":8,"minecraft:iron_shovel":1,"minecraft:iron_leggings":2,"minecraft:stonecutter":1,"minecraft:white_bed":4,"minecraft:torch":244,"minecraft:diamond_chestplate":2}},"DataVersion":3953}