{"stats":{"minecraft:broken":{"minecraft:stone_pickaxe":2},"minecraft:dropped":{"minecraft:stone_axe":1,"minecraft:wheat_seeds":1,"minecraft:oak_planks":9,"minecraft:stone_pickaxe":1},"minecraft:used":{"minecraft:cooked_mutton":2,"minecraft:diorite":45,"minecraft:stone_pickaxe":328,"minecraft:shield":6,"minecraft:torch":30,"minecraft:bread":2,"minecraft:stone_axe":24,"minecraft:cobblestone":27,"minecraft:andesite":12,"minecraft:cooked_beef":4},"minecraft:picked_up":{"minecraft:pink_petals":4,"minecraft:cooked_beef":8,"minecraft:andesite":22,"minecraft:leather":2,"minecraft:flint":1,"minecraft:oak_log":19,"minecraft:yellow_bed":1,"minecraft:shield":2,"minecraft:dirt":3,"minecraft:cooked_mutton":6,"minecraft:wheat_seeds":2,"minecraft:cobbled_deepslate":47,"minecraft:beef":1,"minecraft:stone_pickaxe":9,"minecraft:stick":51,"minecraft:raw_iron":16,"minecraft:torch":13,"minecraft:gravel":2,"minecraft:porkchop":4,"minecraft:diorite":81,"minecraft:spruce_log":2,"minecraft:stone_sword":2,"minecraft:rotten_flesh":1,"minecraft:diamond_chestplate":3,"minecraft:stone_axe":3,"minecraft:granite":4,"minecraft:bread":30,"minecraft:mutton":4,"minecraft:coal":53,"minecraft:diamond_pickaxe":1,"minecraft:white_wool":3,"minecraft:cobblestone":179,"minecraft:sunflower":2},"minecraft:killed_by":{"minecraft:creeper":1},"minecraft:mined":{"minecraft:cherry_log":1,"minecraft:torch":6,"minecraft:granite":4,"minecraft:short_grass":13,"minecraft:grass_block":1,"minecraft:cobblestone":5,"minecraft:diorite":39,"minecraft:pink_petals":2,"minecraft:iron_ore":16,"minecraft:fire":2,"minecraft:spruce_log":2,"minecraft:andesite":22,"minecraft:yellow_bed":1,"minecraft:coal_ore":55,"minecraft:oak_log":22,"minecraft:dirt":2,"minecraft:sunflower":2,"minecraft:gravel":1,"minecraft:stone":133,"minecraft:oak_leaves":2,"minecraft:deepslate":15},"minecraft:killed":{"minecraft:pig":2,"minecraft:sheep":1,"minecraft:enderman":1,"minecraft:cow":1},"minecraft:crafted":{"minecraft:oak_planks":48,"minecraft:stone_axe":2,"minecraft:stick":48,"minecraft:stone_pickaxe":4,"minecraft:stone_sword":1,"minecraft:torch":52,"minecraft:stone_hoe":1},"minecraft:custom":{"minecraft:mob_kills":5,"minecraft:interact_with_crafting_table":12,"minecraft:leave_game":1,"minecraft:time_since_death":17,"minecraft:sleep_in_bed":1,"minecraft:time_since_rest":414,"minecraft:sprint_one_cm":72683,"minecraft:damage_taken":1707,"minecraft:walk_one_cm":509757,"minecraft:damage_blocked_by_shield":73,"minecraft:drop":12,"minecraft:damage_dealt":596,"minecraft:talked_to_villager":1,"minecraft:fly_one_cm":10611,"minecraft:open_chest":2,"minecraft:play_time":90608,"minecraft:deaths":3,"minecraft:walk_under_water_one_cm":14884,"minecraft:boat_one_cm":34116,"minecraft:jump":992,"minecraft:walk_on_water_one_cm":17457,"minecraft:interact_with_smoker":1,"minecraft:total_world_time":90608,"minecraft:fall_one_cm":22095}},"DataVersion":3953}