{"stats":{"minecraft:killed":{"minecraft:cod":1,"minecraft:pig":2,"minecraft:salmon":8,"minecraft:sheep":1,"minecraft:enderman":1,"minecraft:cow":2},"minecraft:killed_by":{"minecraft:creeper":1,"minecraft:zombie":1},"minecraft:used":{"minecraft:stone_sword":1,"minecraft:iron_shovel":152,"minecraft:poppy":2,"minecraft:spruce_planks":8,"minecraft:shield":6,"minecraft:torch":34,"minecraft:dirt":24,"minecraft:lily_of_the_valley":8,"minecraft:azure_bluet":8,"minecraft:iron_axe":232,"minecraft:cooked_beef":4,"minecraft:cooked_mutton":2,"minecraft:diorite":45,"minecraft:birch_planks":116,"minecraft:stone_pickaxe":328,"minecraft:oak_planks":16,"minecraft:composter":1,"minecraft:crafting_table":2,"minecraft:red_mushroom":1,"minecraft:diamond_pickaxe":133,"minecraft:cornflower":6,"minecraft:apple":1,"minecraft:oxeye_daisy":10,"minecraft:diamond_shovel":6,"minecraft:bread":33,"minecraft:stone_axe":800,"minecraft:cobblestone":43,"minecraft:andesite":12,"minecraft:yellow_bed":2,"minecraft:dandelion":9,"minecraft:bone_meal":1},"minecraft:picked_up":{"minecraft:crafting_table":1,"minecraft:azure_bluet":8,"minecraft:brown_mushroom":10,"minecraft:gold_block":1,"minecraft:shield":4,"minecraft:cornflower":6,"minecraft:iron_axe":1,"minecraft:iron_leggings":1,"minecraft:iron_shovel":1,"minecraft:cobbled_deepslate":61,"minecraft:beef":15,"minecraft:poppy":3,"minecraft:sugar_cane":8,"minecraft:birch_sapling":18,"minecraft:iron_boots":1,"minecraft:stick":104,"minecraft:raw_iron":48,"minecraft:composter":1,"minecraft:torch":81,"minecraft:porkchop":4,"minecraft:diorite":81,"minecraft:stone_sword":4,"minecraft:rotten_flesh":2,"minecraft:diamond_chestplate":5,"minecraft:mutton":4,"minecraft:cod":1,"minecraft:white_wool":6,"minecraft:cobblestone":284,"minecraft:oxeye_daisy":10,"minecraft:birch_log":96,"minecraft:pink_petals":4,"minecraft:cooked_beef":8,"minecraft:salmon":6,"minecraft:andesite":42,"minecraft:leather":12,"minecraft:red_mushroom":36,"minecraft:birch_planks":122,"minecraft:flint":3,"minecraft:oak_log":382,"minecraft:yellow_bed":4,"minecraft:golden_boots":2,"minecraft:lantern":3,"minecraft:dirt":188,"minecraft:cooked_mutton":8,"minecraft:bone":22,"minecraft:apple":11,"minecraft:wheat_seeds":12,"minecraft:stone_pickaxe":9,"minecraft:bamboo":21,"minecraft:soul_sand":12,"minecraft:dandelion":52,"minecraft:gravel":6,"minecraft:spruce_log":4,"minecraft:lily_of_the_valley":8,"minecraft:dark_oak_log":32,"minecraft:leather_helmet":2,"minecraft:diamond_shovel":1,"minecraft:stone_axe":6,"minecraft:iron_helmet":1,"minecraft:granite":4,"minecraft:bone_meal":3,"minecraft:emerald":9,"minecraft:bread":89,"minecraft:oak_sapling":27,"minecraft:netherrack":164,"minecraft:coal":197,"minecraft:diamond_pickaxe":3,"minecraft:sunflower":6},"minecraft:dropped":{"minecraft:golden_boots":1,"minecraft:birch_planks":90,"minecraft:wheat_seeds":3,"minecraft:oak_log":149,"minecraft:crafting_table":1,"minecraft:cobblestone":34,"minecraft:apple":1,"minecraft:leather_helmet":1,"minecraft:emerald":3,"minecraft:dirt":4,"minecraft:sunflower":2,"minecraft:birch_log":24,"minecraft:white_wool":1,"minecraft:dandelion":3,"minecraft:bone":12,"minecraft:gravel":2,"minecraft:stone_axe":1,"minecraft:birch_sapling":12,"minecraft:oak_planks":9,"minecraft:diamond_shovel":1,"minecraft:yellow_bed":1,"minecraft:oak_sapling":22,"minecraft:bamboo":16,"minecraft:stone_pickaxe":1},"minecraft:broken":{"minecraft:stone_pickaxe":2,"minecraft:stone_axe":5},"minecraft:mined":{"minecraft:cherry_log":1,"minecraft:dark_oak_log":24,"minecraft:granite":4,"minecraft:grass_block":176,"minecraft:brown_mushroom_block":14,"minecraft:composter":1,"minecraft:oxeye_daisy":11,"minecraft:large_fern":1,"minecraft:iron_ore":16,"minecraft:fire":2,"minecraft:andesite":22,"minecraft:azure_bluet":10,"minecraft:dirt_path":2,"minecraft:stripped_oak_log":1,"minecraft:bamboo":3,"minecraft:stone":169,"minecraft:soul_sand":5,"minecraft:lily_of_the_valley":14,"minecraft:dandelion":36,"minecraft:cornflower":7,"minecraft:torch":6,"minecraft:short_grass":106,"minecraft:poppy":4,"minecraft:mushroom_stem":12,"minecraft:tall_grass":1,"minecraft:cobblestone":5,"minecraft:diorite":39,"minecraft:wall_torch":1,"minecraft:pink_petals":2,"minecraft:seagrass":1,"minecraft:birch_planks":18,"minecraft:birch_log":98,"minecraft:sweet_berry_bush":1,"minecraft:spruce_log":2,"minecraft:birch_leaves":145,"minecraft:yellow_bed":1,"minecraft:oak_log":377,"minecraft:coal_ore":121,"minecraft:sunflower":2,"minecraft:gravel":1,"minecraft:dirt":14,"minecraft:red_mushroom_block":45,"minecraft:oak_leaves":102,"minecraft:deepslate":15},"minecraft:custom":{"minecraft:mob_kills":18,"minecraft:interact_with_crafting_table":18,"minecraft:leave_game":11,"minecraft:time_since_death":178657,"minecraft:climb_one_cm":999,"minecraft:sprint_one_cm":690637,"minecraft:walk_one_cm":1608003,"minecraft:damage_blocked_by_shield":73,"minecraft:drop":352,"minecraft:talked_to_villager":1,"minecraft:play_time":327300,"minecraft:deaths":4,"minecraft:sneak_time":542,"minecraft:walk_under_water_one_cm":36207,"minecraft:boat_one_cm":667166,"minecraft:jump":3262,"minecraft:walk_on_water_one_cm":97682,"minecraft:total_world_time":327300,"minecraft:interact_with_furnace":3,"minecraft:sleep_in_bed":24,"minecraft:time_since_rest":8864,"minecraft:damage_taken":2725,"minecraft:damage_dealt":1281,"minecraft:fly_one_cm":126919,"minecraft:open_chest":25,"minecraft:crouch_one_cm":1339,"minecraft:interact_with_smoker":1,"minecraft:fall_one_cm":45375},"minecraft:crafted":{"minecraft:oak_planks":68,"minecraft:stone_pickaxe":4,"minecraft:stone_hoe":1,"minecraft:cooked_beef":7,"minecraft:crafting_table":2,"minecraft:spruce_planks":8,"minecraft:birch_planks":192,"minecraft:stone_axe":5,"minecraft:stick":48,"minecraft:stone_sword":1,"minecraft:torch":88}},"DataVersion":3953}