{"stats":{"minecraft:killed":{"minecraft:cod":1,"minecraft:pig":2,"minecraft:sheep":1,"minecraft:enderman":1,"minecraft:cow":2},"minecraft:killed_by":{"minecraft:creeper":1,"minecraft:zombie":1},"minecraft:used":{"minecraft:stone_sword":1,"minecraft:iron_shovel":150,"minecraft:poppy":2,"minecraft:spruce_planks":8,"minecraft:shield":6,"minecraft:torch":34,"minecraft:dirt":9,"minecraft:lily_of_the_valley":8,"minecraft:azure_bluet":8,"minecraft:iron_axe":2,"minecraft:cooked_beef":4,"minecraft:cooked_mutton":2,"minecraft:diorite":45,"minecraft:birch_planks":116,"minecraft:stone_pickaxe":328,"minecraft:oak_planks":16,"minecraft:composter":1,"minecraft:crafting_table":2,"minecraft:red_mushroom":1,"minecraft:diamond_pickaxe":2,"minecraft:cornflower":6,"minecraft:apple":1,"minecraft:oxeye_daisy":10,"minecraft:diamond_shovel":6,"minecraft:bread":18,"minecraft:stone_axe":800,"minecraft:cobblestone":27,"minecraft:andesite":12,"minecraft:yellow_bed":2,"minecraft:dandelion":9,"minecraft:bone_meal":1},"minecraft:picked_up":{"minecraft:crafting_table":1,"minecraft:azure_bluet":8,"minecraft:brown_mushroom":10,"minecraft:gold_block":1,"minecraft:shield":4,"minecraft:cornflower":6,"minecraft:iron_axe":1,"minecraft:iron_leggings":1,"minecraft:iron_shovel":1,"minecraft:cobbled_deepslate":61,"minecraft:beef":15,"minecraft:poppy":2,"minecraft:sugar_cane":8,"minecraft:birch_sapling":18,"minecraft:iron_boots":1,"minecraft:stick":100,"minecraft:raw_iron":48,"minecraft:composter":1,"minecraft:torch":81,"minecraft:porkchop":4,"minecraft:diorite":81,"minecraft:stone_sword":4,"minecraft:rotten_flesh":1,"minecraft:diamond_chestplate":5,"minecraft:mutton":4,"minecraft:cod":1,"minecraft:white_wool":6,"minecraft:cobblestone":248,"minecraft:oxeye_daisy":10,"minecraft:birch_log":96,"minecraft:pink_petals":4,"minecraft:cooked_beef":8,"minecraft:andesite":42,"minecraft:leather":12,"minecraft:red_mushroom":36,"minecraft:birch_planks":122,"minecraft:flint":3,"minecraft:oak_log":183,"minecraft:yellow_bed":4,"minecraft:golden_boots":2,"minecraft:dirt":155,"minecraft:cooked_mutton":8,"minecraft:bone":22,"minecraft:apple":10,"minecraft:wheat_seeds":12,"minecraft:stone_pickaxe":9,"minecraft:bamboo":21,"minecraft:soul_sand":12,"minecraft:dandelion":51,"minecraft:gravel":6,"minecraft:spruce_log":4,"minecraft:lily_of_the_valley":8,"minecraft:dark_oak_log":32,"minecraft:leather_helmet":2,"minecraft:diamond_shovel":1,"minecraft:stone_axe":6,"minecraft:iron_helmet":1,"minecraft:granite":4,"minecraft:bone_meal":3,"minecraft:emerald":9,"minecraft:bread":89,"minecraft:oak_sapling":12,"minecraft:netherrack":164,"minecraft:coal":132,"minecraft:diamond_pickaxe":3,"minecraft:sunflower":6},"minecraft:dropped":{"minecraft:golden_boots":1,"minecraft:birch_planks":90,"minecraft:wheat_seeds":3,"minecraft:oak_log":149,"minecraft:crafting_table":1,"minecraft:cobblestone":34,"minecraft:apple":1,"minecraft:leather_helmet":1,"minecraft:emerald":3,"minecraft:dirt":4,"minecraft:sunflower":2,"minecraft:birch_log":24,"minecraft:white_wool":1,"minecraft:dandelion":2,"minecraft:bone":12,"minecraft:gravel":2,"minecraft:stone_axe":1,"minecraft:birch_sapling":12,"minecraft:oak_planks":9,"minecraft:diamond_shovel":1,"minecraft:yellow_bed":1,"minecraft:oak_sapling":4,"minecraft:bamboo":16,"minecraft:stone_pickaxe":1},"minecraft:broken":{"minecraft:stone_pickaxe":2,"minecraft:stone_axe":5},"minecraft:mined":{"minecraft:cherry_log":1,"minecraft:dark_oak_log":24,"minecraft:granite":4,"minecraft:grass_block":154,"minecraft:brown_mushroom_block":14,"minecraft:composter":1,"minecraft:oxeye_daisy":11,"minecraft:iron_ore":16,"minecraft:fire":2,"minecraft:andesite":22,"minecraft:azure_bluet":10,"minecraft:stripped_oak_log":1,"minecraft:bamboo":3,"minecraft:stone":133,"minecraft:soul_sand":5,"minecraft:lily_of_the_valley":14,"minecraft:dandelion":36,"minecraft:cornflower":7,"minecraft:torch":6,"minecraft:short_grass":102,"minecraft:poppy":3,"minecraft:mushroom_stem":12,"minecraft:tall_grass":1,"minecraft:cobblestone":5,"minecraft:diorite":39,"minecraft:wall_torch":1,"minecraft:pink_petals":2,"minecraft:birch_planks":18,"minecraft:birch_log":98,"minecraft:spruce_log":2,"minecraft:birch_leaves":145,"minecraft:yellow_bed":1,"minecraft:oak_log":178,"minecraft:coal_ore":56,"minecraft:sunflower":2,"minecraft:gravel":1,"minecraft:dirt":4,"minecraft:red_mushroom_block":45,"minecraft:oak_leaves":94,"minecraft:deepslate":15},"minecraft:custom":{"minecraft:mob_kills":10,"minecraft:interact_with_crafting_table":18,"minecraft:leave_game":9,"minecraft:time_since_death":102733,"minecraft:climb_one_cm":999,"minecraft:sprint_one_cm":338229,"minecraft:walk_one_cm":1160737,"minecraft:damage_blocked_by_shield":73,"minecraft:drop":341,"minecraft:talked_to_villager":1,"minecraft:play_time":251376,"minecraft:deaths":4,"minecraft:sneak_time":542,"minecraft:walk_under_water_one_cm":26018,"minecraft:boat_one_cm":603137,"minecraft:jump":2224,"minecraft:walk_on_water_one_cm":63488,"minecraft:total_world_time":251376,"minecraft:sleep_in_bed":16,"minecraft:time_since_rest":8485,"minecraft:damage_taken":2457,"minecraft:damage_dealt":1041,"minecraft:fly_one_cm":65972,"minecraft:open_chest":6,"minecraft:crouch_one_cm":1339,"minecraft:interact_with_smoker":1,"minecraft:fall_one_cm":35726},"minecraft:crafted":{"minecraft:oak_planks":68,"minecraft:stone_pickaxe":4,"minecraft:stone_hoe":1,"minecraft:crafting_table":2,"minecraft:spruce_planks":8,"minecraft:birch_planks":192,"minecraft:stone_axe":5,"minecraft:stick":48,"minecraft:stone_sword":1,"minecraft:torch":88}},"DataVersion":3953}