{"stats":{"minecraft:broken":{"minecraft:stone_pickaxe":1},"minecraft:used":{"minecraft:diorite":3,"minecraft:stone_pickaxe":213,"minecraft:shield":6,"minecraft:stone_axe":8,"minecraft:torch":30,"minecraft:cobblestone":27,"minecraft:cooked_beef":4},"minecraft:dropped":{"minecraft:stone_axe":1,"minecraft:oak_planks":9,"minecraft:stone_pickaxe":1},"minecraft:picked_up":{"minecraft:pink_petals":4,"minecraft:stick":49,"minecraft:raw_iron":15,"minecraft:cooked_beef":8,"minecraft:andesite":20,"minecraft:torch":13,"minecraft:gravel":2,"minecraft:porkchop":4,"minecraft:flint":1,"minecraft:oak_log":12,"minecraft:diorite":78,"minecraft:shield":2,"minecraft:cooked_mutton":6,"minecraft:stone_sword":2,"minecraft:diamond_chestplate":3,"minecraft:rotten_flesh":1,"minecraft:stone_axe":3,"minecraft:wheat_seeds":1,"minecraft:cobbled_deepslate":47,"minecraft:granite":4,"minecraft:stone_pickaxe":9,"minecraft:mutton":4,"minecraft:coal":23,"minecraft:white_wool":3,"minecraft:cobblestone":128,"minecraft:diamond_pickaxe":1},"minecraft:killed_by":{"minecraft:creeper":1},"minecraft:killed":{"minecraft:sheep":1,"minecraft:pig":2,"minecraft:enderman":1},"minecraft:mined":{"minecraft:pink_petals":2,"minecraft:iron_ore":15,"minecraft:cherry_log":1,"minecraft:andesite":21,"minecraft:torch":6,"minecraft:granite":4,"minecraft:short_grass":1,"minecraft:oak_log":12,"minecraft:coal_ore":23,"minecraft:gravel":1,"minecraft:cobblestone":5,"minecraft:stone":83,"minecraft:diorite":39,"minecraft:deepslate":15},"minecraft:crafted":{"minecraft:oak_planks":48,"minecraft:stick":48,"minecraft:stone_pickaxe":4,"minecraft:stone_sword":1,"minecraft:torch":52,"minecraft:stone_hoe":1},"minecraft:custom":{"minecraft:time_since_rest":21161,"minecraft:sprint_one_cm":36091,"minecraft:damage_taken":1073,"minecraft:walk_one_cm":374208,"minecraft:damage_blocked_by_shield":73,"minecraft:mob_kills":4,"minecraft:drop":11,"minecraft:damage_dealt":458,"minecraft:interact_with_crafting_table":11,"minecraft:fly_one_cm":5683,"minecraft:play_time":66608,"minecraft:deaths":2,"minecraft:walk_under_water_one_cm":14403,"minecraft:jump":697,"minecraft:leave_game":1,"minecraft:walk_on_water_one_cm":9032,"minecraft:time_since_death":20839,"minecraft:total_world_time":66608,"minecraft:interact_with_smoker":1,"minecraft:fall_one_cm":15795}},"DataVersion":3953}