{"stats":{"minecraft:picked_up":{"minecraft:seagrass":20,"minecraft:crafting_table":1,"minecraft:azure_bluet":8,"minecraft:ominous_bottle":1,"minecraft:brown_mushroom":10,"minecraft:oak_stairs":3,"minecraft:cooked_rabbit":1,"minecraft:gold_block":1,"minecraft:shield":6,"minecraft:cornflower":6,"minecraft:soul_soil":1,"minecraft:cooked_salmon":12,"minecraft:moss_carpet":15,"minecraft:raw_copper":51,"minecraft:iron_axe":2,"minecraft:iron_leggings":2,"minecraft:item_frame":1,"minecraft:iron_shovel":2,"minecraft:cherry_boat":1,"minecraft:cobbled_deepslate":125,"minecraft:bucket":3,"minecraft:spruce_planks":1,"minecraft:beef":15,"minecraft:azalea":1,"minecraft:poppy":3,"minecraft:spruce_slab":34,"minecraft:sugar_cane":17,"minecraft:chest":6,"minecraft:birch_sapling":18,"minecraft:iron_boots":2,"minecraft:stick":104,"minecraft:raw_iron":72,"minecraft:composter":1,"minecraft:big_dripleaf":12,"minecraft:torch":221,"minecraft:porkchop":16,"minecraft:diorite":81,"minecraft:redstone":25,"minecraft:weeping_vines":1,"minecraft:cooked_cod":1,"minecraft:stone_sword":6,"minecraft:diamond_chestplate":6,"minecraft:rotten_flesh":14,"minecraft:tropical_fish":2,"minecraft:shears":1,"minecraft:blaze_rod":1,"minecraft:glow_berries":15,"minecraft:mutton":4,"minecraft:cod":1,"minecraft:white_wool":6,"minecraft:cobblestone":337,"minecraft:oxeye_daisy":10,"minecraft:birch_log":96,"minecraft:pink_petals":4,"minecraft:cooked_beef":13,"minecraft:andesite":46,"minecraft:birch_slab":91,"minecraft:salmon":14,"minecraft:leather":12,"minecraft:golden_leggings":1,"minecraft:red_mushroom":36,"minecraft:birch_planks":122,"minecraft:flint":3,"minecraft:oak_log":384,"minecraft:golden_boots":2,"minecraft:yellow_bed":4,"minecraft:lapis_lazuli":35,"minecraft:dirt":195,"minecraft:lantern":3,"minecraft:cooked_mutton":9,"minecraft:glass":2,"minecraft:bone":23,"minecraft:apple":15,"minecraft:bow":1,"minecraft:wheat_seeds":19,"minecraft:spore_blossom":5,"minecraft:rabbit_hide":1,"minecraft:stone_pickaxe":9,"minecraft:rabbit":1,"minecraft:bamboo":35,"minecraft:moss_block":43,"minecraft:flowering_azalea":7,"minecraft:soul_sand":13,"minecraft:oak_slab":22,"minecraft:cooked_porkchop":12,"minecraft:dandelion":52,"minecraft:gravel":6,"minecraft:sand":44,"minecraft:amethyst_shard":4,"minecraft:spruce_log":4,"minecraft:lily_of_the_valley":8,"minecraft:dark_oak_log":32,"minecraft:leather_helmet":2,"minecraft:diamond_shovel":1,"minecraft:diamond":3,"minecraft:spruce_boat":1,"minecraft:stone_axe":7,"minecraft:iron_helmet":2,"minecraft:granite":4,"minecraft:bone_meal":5,"minecraft:emerald":15,"minecraft:bread":93,"minecraft:oak_sapling":27,"minecraft:netherrack":170,"minecraft:coal":279,"minecraft:crimson_roots":7,"minecraft:sunflower":6,"minecraft:diamond_pickaxe":5},"minecraft:broken":{"minecraft:stone_pickaxe":2,"minecraft:stone_axe":5},"minecraft:killed":{"minecraft:cod":1,"minecraft:tropical_fish":1,"minecraft:pig":7,"minecraft:salmon":15,"minecraft:hoglin":1,"minecraft:sheep":1,"minecraft:zombie":1,"minecraft:enderman":1,"minecraft:cow":2},"minecraft:dropped":{"minecraft:water_bucket":1,"minecraft:golden_boots":1,"minecraft:moss_block":43,"minecraft:birch_planks":90,"minecraft:wheat_seeds":10,"minecraft:oak_log":149,"minecraft:crafting_table":1,"minecraft:cobblestone":36,"minecraft:apple":1,"minecraft:leather_helmet":1,"minecraft:emerald":3,"minecraft:dirt":5,"minecraft:sunflower":2,"minecraft:flowering_azalea":7,"minecraft:birch_log":24,"minecraft:bucket":2,"minecraft:white_wool":1,"minecraft:dandelion":3,"minecraft:bone":12,"minecraft:gravel":2,"minecraft:stone_axe":1,"minecraft:moss_carpet":15,"minecraft:sugar_cane":14,"minecraft:stone_sword":1,"minecraft:cobbled_deepslate":49,"minecraft:birch_sapling":12,"minecraft:rotten_flesh":10,"minecraft:oak_planks":9,"minecraft:diamond_shovel":1,"minecraft:big_dripleaf":12,"minecraft:diamond_pickaxe":1,"minecraft:andesite":2,"minecraft:yellow_bed":1,"minecraft:azalea":1,"minecraft:oak_sapling":22,"minecraft:bamboo":26,"minecraft:stone_pickaxe":1},"minecraft:custom":{"minecraft:interact_with_smithing_table":1,"minecraft:mob_kills":33,"minecraft:animals_bred":1,"minecraft:interact_with_crafting_table":22,"minecraft:leave_game":15,"minecraft:time_since_death":35337,"minecraft:climb_one_cm":1912,"minecraft:sprint_one_cm":1011795,"minecraft:walk_one_cm":2460445,"minecraft:damage_blocked_by_shield":73,"minecraft:drop":427,"minecraft:talked_to_villager":3,"minecraft:play_time":472953,"minecraft:deaths":5,"minecraft:sneak_time":546,"minecraft:walk_under_water_one_cm":52292,"minecraft:boat_one_cm":750811,"minecraft:jump":4922,"minecraft:walk_on_water_one_cm":148889,"minecraft:total_world_time":472953,"minecraft:interact_with_furnace":15,"minecraft:traded_with_villager":6,"minecraft:sleep_in_bed":32,"minecraft:time_since_rest":35423,"minecraft:damage_taken":4018,"minecraft:damage_dealt":3323,"minecraft:fly_one_cm":171156,"minecraft:open_chest":65,"minecraft:crouch_one_cm":1339,"minecraft:interact_with_smoker":1,"minecraft:fall_one_cm":60155},"minecraft:mined":{"minecraft:large_amethyst_bud":3,"minecraft:deepslate_diamond_ore":3,"minecraft:cherry_log":1,"minecraft:dark_oak_log":24,"minecraft:cave_vines_plant":3,"minecraft:granite":4,"minecraft:grass_block":178,"minecraft:crimson_roots":11,"minecraft:brown_mushroom_block":14,"minecraft:crimson_fungus":1,"minecraft:composter":1,"minecraft:moss_block":2,"minecraft:oxeye_daisy":11,"minecraft:large_fern":1,"minecraft:spore_blossom":2,"minecraft:tall_seagrass":8,"minecraft:redstone_ore":4,"minecraft:fire":2,"minecraft:iron_ore":20,"minecraft:cobbled_deepslate":8,"minecraft:andesite":25,"minecraft:azure_bluet":10,"minecraft:cave_vines":17,"minecraft:dirt_path":2,"minecraft:stripped_oak_log":1,"minecraft:bamboo":3,"minecraft:stone":225,"minecraft:crimson_nylium":2,"minecraft:soul_sand":5,"minecraft:lily_of_the_valley":14,"minecraft:medium_amethyst_bud":1,"minecraft:dandelion":36,"minecraft:clay":1,"minecraft:cornflower":7,"minecraft:torch":6,"minecraft:short_grass":140,"minecraft:poppy":4,"minecraft:mushroom_stem":12,"minecraft:cobblestone":5,"minecraft:tall_grass":2,"minecraft:copper_ore":15,"minecraft:lapis_ore":6,"minecraft:diorite":40,"minecraft:wall_torch":1,"minecraft:pink_petals":2,"minecraft:seagrass":8,"minecraft:birch_planks":18,"minecraft:birch_log":98,"minecraft:sweet_berry_bush":1,"minecraft:spruce_log":2,"minecraft:birch_leaves":145,"minecraft:yellow_bed":1,"minecraft:oak_log":379,"minecraft:coal_ore":143,"minecraft:sunflower":2,"minecraft:gravel":1,"minecraft:sand":46,"minecraft:dirt":17,"minecraft:cobweb":9,"minecraft:red_mushroom_block":45,"minecraft:netherrack":6,"minecraft:oak_leaves":102,"minecraft:deepslate":72},"minecraft:killed_by":{"minecraft:zombified_piglin":1,"minecraft:creeper":1,"minecraft:zombie":1},"minecraft:crafted":{"minecraft:oak_planks":68,"minecraft:glass":44,"minecraft:stone_pickaxe":4,"minecraft:stone_hoe":1,"minecraft:allium":6,"minecraft:cooked_rabbit":1,"minecraft:cooked_beef":7,"minecraft:cooked_cod":1,"minecraft:cooked_porkchop":12,"minecraft:crafting_table":2,"minecraft:spruce_planks":8,"minecraft:cooked_salmon":13,"minecraft:birch_planks":192,"minecraft:stone_axe":5,"minecraft:stick":48,"minecraft:stone_sword":1,"minecraft:torch":180},"minecraft:used":{"minecraft:stone_sword":54,"minecraft:iron_shovel":152,"minecraft:poppy":2,"minecraft:spruce_planks":8,"minecraft:shield":6,"minecraft:torch":52,"minecraft:dirt":28,"minecraft:lily_of_the_valley":8,"minecraft:allium":6,"minecraft:salmon_bucket":2,"minecraft:axolotl_bucket":2,"minecraft:azure_bluet":8,"minecraft:glass":39,"minecraft:iron_axe":233,"minecraft:cooked_cod":1,"minecraft:cooked_beef":8,"minecraft:cobbled_deepslate":14,"minecraft:cooked_mutton":2,"minecraft:water_bucket":4,"minecraft:diorite":45,"minecraft:birch_planks":116,"minecraft:stone_pickaxe":328,"minecraft:oak_planks":16,"minecraft:composter":1,"minecraft:crafting_table":2,"minecraft:red_mushroom":1,"minecraft:diamond_pickaxe":524,"minecraft:cornflower":6,"minecraft:apple":1,"minecraft:oxeye_daisy":10,"minecraft:diamond_shovel":6,"minecraft:bread":51,"minecraft:spore_blossom":3,"minecraft:stone_axe":800,"minecraft:cobblestone":73,"minecraft:bucket":9,"minecraft:andesite":12,"minecraft:yellow_bed":2,"minecraft:dandelion":9,"minecraft:bone_meal":1}},"DataVersion":3953}