{"stats":{"minecraft:broken":{"minecraft:stone_pickaxe":2},"minecraft:dropped":{"minecraft:stone_axe":1,"minecraft:wheat_seeds":1,"minecraft:oak_planks":9,"minecraft:stone_pickaxe":1},"minecraft:used":{"minecraft:cooked_mutton":2,"minecraft:diorite":45,"minecraft:stone_pickaxe":328,"minecraft:shield":6,"minecraft:torch":30,"minecraft:bread":3,"minecraft:stone_axe":32,"minecraft:cobblestone":27,"minecraft:andesite":12,"minecraft:cooked_beef":4},"minecraft:picked_up":{"minecraft:pink_petals":4,"minecraft:cooked_beef":8,"minecraft:andesite":32,"minecraft:leather":4,"minecraft:flint":2,"minecraft:oak_log":26,"minecraft:yellow_bed":2,"minecraft:shield":3,"minecraft:dirt":6,"minecraft:cooked_mutton":7,"minecraft:apple":5,"minecraft:wheat_seeds":2,"minecraft:cobbled_deepslate":57,"minecraft:beef":2,"minecraft:stone_pickaxe":9,"minecraft:soul_sand":6,"minecraft:stick":62,"minecraft:raw_iron":32,"minecraft:torch":41,"minecraft:gravel":4,"minecraft:porkchop":4,"minecraft:diorite":81,"minecraft:spruce_log":4,"minecraft:leather_helmet":1,"minecraft:stone_sword":3,"minecraft:rotten_flesh":1,"minecraft:diamond_chestplate":4,"minecraft:stone_axe":5,"minecraft:granite":4,"minecraft:emerald":3,"minecraft:bread":58,"minecraft:netherrack":80,"minecraft:mutton":4,"minecraft:coal":93,"minecraft:diamond_pickaxe":2,"minecraft:white_wool":4,"minecraft:cobblestone":213,"minecraft:sunflower":4},"minecraft:killed_by":{"minecraft:creeper":1},"minecraft:killed":{"minecraft:pig":2,"minecraft:sheep":1,"minecraft:enderman":1,"minecraft:cow":1},"minecraft:mined":{"minecraft:soul_sand":5,"minecraft:cherry_log":1,"minecraft:torch":6,"minecraft:granite":4,"minecraft:short_grass":13,"minecraft:grass_block":1,"minecraft:cobblestone":5,"minecraft:diorite":39,"minecraft:wall_torch":1,"minecraft:pink_petals":2,"minecraft:iron_ore":16,"minecraft:fire":2,"minecraft:spruce_log":2,"minecraft:andesite":22,"minecraft:yellow_bed":1,"minecraft:coal_ore":55,"minecraft:oak_log":22,"minecraft:dirt":2,"minecraft:sunflower":2,"minecraft:gravel":1,"minecraft:stone":133,"minecraft:oak_leaves":2,"minecraft:deepslate":15},"minecraft:crafted":{"minecraft:oak_planks":68,"minecraft:spruce_planks":8,"minecraft:stone_axe":2,"minecraft:stick":48,"minecraft:stone_pickaxe":4,"minecraft:stone_sword":1,"minecraft:torch":52,"minecraft:stone_hoe":1},"minecraft:custom":{"minecraft:mob_kills":5,"minecraft:interact_with_crafting_table":12,"minecraft:leave_game":1,"minecraft:time_since_death":12017,"minecraft:sleep_in_bed":3,"minecraft:time_since_rest":337,"minecraft:sprint_one_cm":80742,"minecraft:damage_taken":1843,"minecraft:walk_one_cm":555178,"minecraft:damage_blocked_by_shield":73,"minecraft:drop":12,"minecraft:damage_dealt":759,"minecraft:talked_to_villager":1,"minecraft:fly_one_cm":11317,"minecraft:open_chest":2,"minecraft:crouch_one_cm":873,"minecraft:play_time":102608,"minecraft:deaths":3,"minecraft:sneak_time":288,"minecraft:walk_under_water_one_cm":14884,"minecraft:boat_one_cm":34116,"minecraft:jump":1103,"minecraft:walk_on_water_one_cm":17457,"minecraft:interact_with_smoker":1,"minecraft:total_world_time":102608,"minecraft:fall_one_cm":23870}},"DataVersion":3953}