{"stats":{"minecraft:broken":{"minecraft:stone_pickaxe":2},"minecraft:dropped":{"minecraft:stone_axe":1,"minecraft:oak_planks":9,"minecraft:stone_pickaxe":1},"minecraft:used":{"minecraft:cooked_mutton":2,"minecraft:diorite":45,"minecraft:stone_pickaxe":326,"minecraft:shield":6,"minecraft:stone_axe":8,"minecraft:torch":30,"minecraft:cobblestone":27,"minecraft:andesite":12,"minecraft:cooked_beef":4},"minecraft:picked_up":{"minecraft:pink_petals":4,"minecraft:stick":49,"minecraft:raw_iron":16,"minecraft:cooked_beef":8,"minecraft:andesite":22,"minecraft:leather":2,"minecraft:torch":13,"minecraft:gravel":2,"minecraft:porkchop":4,"minecraft:flint":1,"minecraft:oak_log":12,"minecraft:diorite":81,"minecraft:shield":2,"minecraft:dirt":3,"minecraft:cooked_mutton":6,"minecraft:stone_sword":2,"minecraft:diamond_chestplate":3,"minecraft:rotten_flesh":1,"minecraft:stone_axe":3,"minecraft:wheat_seeds":1,"minecraft:cobbled_deepslate":47,"minecraft:beef":1,"minecraft:granite":4,"minecraft:stone_pickaxe":9,"minecraft:mutton":4,"minecraft:coal":53,"minecraft:sunflower":2,"minecraft:white_wool":3,"minecraft:cobblestone":179,"minecraft:diamond_pickaxe":1},"minecraft:killed_by":{"minecraft:creeper":1},"minecraft:killed":{"minecraft:sheep":1,"minecraft:pig":2,"minecraft:cow":1,"minecraft:enderman":1},"minecraft:mined":{"minecraft:pink_petals":2,"minecraft:iron_ore":16,"minecraft:cherry_log":1,"minecraft:andesite":22,"minecraft:torch":6,"minecraft:granite":4,"minecraft:grass_block":1,"minecraft:short_grass":13,"minecraft:oak_log":12,"minecraft:coal_ore":55,"minecraft:sunflower":2,"minecraft:gravel":1,"minecraft:dirt":2,"minecraft:cobblestone":5,"minecraft:stone":133,"minecraft:diorite":39,"minecraft:deepslate":15},"minecraft:crafted":{"minecraft:oak_planks":48,"minecraft:stick":48,"minecraft:stone_pickaxe":4,"minecraft:stone_sword":1,"minecraft:torch":52,"minecraft:stone_hoe":1},"minecraft:custom":{"minecraft:time_since_rest":33161,"minecraft:sprint_one_cm":46828,"minecraft:damage_taken":1231,"minecraft:walk_one_cm":416167,"minecraft:damage_blocked_by_shield":73,"minecraft:mob_kills":5,"minecraft:drop":11,"minecraft:damage_dealt":566,"minecraft:interact_with_crafting_table":11,"minecraft:fly_one_cm":7014,"minecraft:play_time":78608,"minecraft:deaths":2,"minecraft:boat_one_cm":34116,"minecraft:walk_under_water_one_cm":14725,"minecraft:jump":856,"minecraft:leave_game":1,"minecraft:walk_on_water_one_cm":14557,"minecraft:time_since_death":32839,"minecraft:total_world_time":78608,"minecraft:interact_with_smoker":1,"minecraft:fall_one_cm":16213}},"DataVersion":3953}